"","age","state_abbrev","State","County","latitude","longitude","region","h_income","county_bucket","nat_bucket","urate","TotalPop","Black","nonblack_perc","Poverty","ChildPoverty","Service","Construction","Drive","Transit","PrivateWork","SelfEmployed","was.shot","is.black.binary"
"1",55,"AL","Alabama","Baldwin",30.8661098,-87.880188,"South",48173,3,3,0.073079325,7455,13.6,86.4,6.5,7,15.5,10.2,89.5,0,79.4,2.4,"Yes",0
"2",17,"AL","Alabama","Elmore",32.529577,-86.362829,"South",51367,3,3,0.097686375,3845,26.6,73.4,16.2,27.1,22.5,11.2,81.2,0,71.5,6.5,"Yes",1
"3",74,"AL","Alabama","Jefferson",33.5637512,-86.7238083,"South",23977,1,1,0.145048815,3795,76.4,23.6,42.6,60.4,32.4,7,65.7,1.4,86.8,2.3,"Yes",1
"4",39,"AL","Alabama","Jefferson",33.4814291,-86.8241706,"South",35780,2,2,0.052918942,3441,21.1,78.9,22.9,23.3,31.5,8.5,82.8,2,86.2,2.7,"Yes",1
"5",54,"AL","Alabama","Jefferson",33.4149311,-86.8515567,"South",81996,5,5,0.035916061,4976,0.2,99.8,0.9,0.5,10.5,6.8,85.3,0,71.5,2.5,"Yes",0
"6",40,"AL","Alabama","Lawrence",34.5668413,-87.2866505,"South",38078,3,2,0.168279344,5677,2.2,97.8,22.2,20.3,19.5,16.3,90.5,0,77.6,8,"Yes",0
"7",37,"AL","Alabama","Madison",34.6168404,-86.5641098,"South",57935,3,4,0.063658099,6367,4.4,95.6,10.3,7.5,17.2,6.2,93,0,81,3.8,"Yes",1
"8",47,"AL","Alabama","Tallapoosa",32.864521,-85.7209778,"South",36694,3,2,0.078163166,4551,31.8,68.2,23.7,41.9,19.1,12.4,78.8,1.9,63.6,12.2,"Yes",0
"9",34,"AK","Alaska","Anchorage Municipality",61.218408,-149.858016,"West",41268,1,2,0.129310345,5501,11.5,88.5,26.5,36,33,5.4,63,4.1,81.8,5.9,"No",0
"10",34,"AK","Alaska","Anchorage Municipality",61.2075577,-149.8582001,"West",51445,1,3,0.096503497,3225,15.3,84.7,16.7,36,18.2,10.7,64.5,1,62.8,9.4,"Yes",0
"11",25,"AZ","Arizona","Apache",36.4117088,-109.25,"West",24637,2,1,0.262736536,5916,0.4,99.6,46.6,54.9,31.1,12.8,53.6,0.3,39.6,2.4,"Yes",0
"12",41,"AZ","Arizona","Apache",34.1133387,-109.2914933,"West",47821,5,3,0.059301769,5201,0.5,99.5,22.1,33.2,33.8,16,71.4,0,66.3,8.9,"Yes",0
"13",52,"AZ","Arizona","Cochise",31.3995342,-109.9178085,"West",36442,2,2,0.103244838,2955,0.4,99.6,26.5,47.4,22.7,4.5,73.2,0,55.8,7.5,"Yes",0
"14",30,"AZ","Arizona","Greenlee",33.0515518,-109.3249283,"West",60670,3,4,0.107042254,3484,1.8,98.2,8.2,6.9,11,26.1,85.3,0,87.9,1.5,"Yes",0
"15",50,"AZ","Arizona","Maricopa",33.5812721,-112.2033386,"West",34219,1,1,0.104332953,3212,6.1,93.9,16.8,24.3,28.1,14.6,84.4,5.6,83.8,0.7,"Yes",0
"16",64,"AZ","Arizona","Maricopa",33.5838023,-112.2006413,"West",55133,3,3,0.05121876,6031,7.2,92.8,8.2,17.6,18.4,11.9,75.3,5.2,79.9,5.6,"Yes",0
"17",27,"AZ","Arizona","Maricopa",33.4962463,-112.1153488,"West",17699,1,1,0.206933333,4963,9.7,90.3,49.9,64.9,34.7,18.4,52.8,17.8,89.9,3.3,"Yes",0
"18",44,"AZ","Arizona","Maricopa",33.4802603,-112.0388203,"West",27066,1,1,0.12,3395,6.3,93.7,35,50.4,30.7,16.2,69.4,4.3,79.3,14.2,"Yes",0
"19",30,"AZ","Arizona","Maricopa",33.4693799,-112.0433197,"West",20833,1,1,0.073651452,4735,1.9,98.1,45.4,62.4,44.4,12.7,66.1,11.7,80.5,12.2,"Yes",0
"20",29,"AZ","Arizona","Maricopa",33.3781938,-111.978452,"West",35524,2,2,0.149219467,4621,13,87,41.3,65,20.2,10,70.7,8.8,83.4,0.8,"Yes",0
"21",29,"AZ","Arizona","Maricopa",33.3781938,-111.978452,"West",35524,2,2,0.149219467,4621,13,87,41.3,65,20.2,10,70.7,8.8,83.4,0.8,"Yes",0
"22",43,"AZ","Arizona","Maricopa",33.50943,-111.9087198,"West",52038,3,3,0.024411135,4884,0,100,11.4,8.1,12.9,1.3,85.5,0,80.2,10.6,"Yes",1
"23",26,"AZ","Arizona","Maricopa",33.4402203,-111.9308198,"West",44097,2,2,0.059773829,2776,2.5,97.5,20.4,3,17.6,7,76.5,3.2,78.4,5,"Yes",0
"24",34,"AZ","Arizona","Maricopa",33.3896023,-111.8006046,"West",52661,3,3,0.118041583,4779,2,98,14.9,14,35.5,6,76.4,3.4,78.5,4.4,"Yes",0
"25",23,"AZ","Arizona","Maricopa",33.3269806,-111.8252487,"West",53346,3,3,0.069218871,4449,3.3,96.7,12.7,13.7,17.6,7.8,84.6,1.8,86.2,3,"Yes",0
"26",52,"AZ","Arizona","Maricopa",33.6546099,-112.1431998,"West",55233,3,3,0.107897153,3785,3.5,96.5,15.4,17.5,18.3,12.5,80.9,3.4,83.7,3.8,"Yes",0
"27",32,"AZ","Arizona","Mohave",35.2040901,-114.0249939,"West",42484,4,2,0.149595213,5866,0.7,99.3,19.3,22,19.1,8.5,76,0,76.4,4.1,"Yes",0
"28",38,"AZ","Arizona","Pima",32.230201,-110.982089,"West",27552,1,1,0.138238573,1576,3.7,96.3,32.8,34.2,19.7,7.1,46.2,8.4,66.8,12.7,"Yes",0
"29",57,"AZ","Arizona","Pima",32.3580589,-111.0924911,"West",69616,4,4,0.079104478,7951,1.3,98.7,3.4,4.9,13.9,3.9,90.7,0.5,81.6,2,"Yes",0
"30",38,"AZ","Arizona","Pinal",32.6101336,-110.6317321,"West",40984,2,2,0.188067445,4028,0,100,17.1,21.1,17.4,12,78.1,0.1,79.1,2.5,"Yes",0
"31",33,"AZ","Arizona","Pinal",33.0835686,-112.0429306,"West",83438,5,5,0.067204301,2982,7.1,92.9,10.4,21,15.1,4.6,71.2,0.7,77.8,5.1,"Yes",0
"32",36,"AZ","Arizona","Pinal",33.0784683,-110.9232864,"West",49097,3,3,0.078651685,2897,0.9,99.1,18.6,25.1,26,25.3,80,3.4,77.6,3.4,"Yes",0
"33",29,"AZ","Arizona","Yavapai",34.2929649,-111.6646957,"West",37292,2,2,0.151329243,6730,0.3,99.7,14.6,23.3,31.4,13.5,65.5,0,71.2,7.9,"Yes",0
"34",22,"AZ","Arizona","Yavapai",34.713047,-112.0006409,"West",36818,1,2,0.216194332,4670,2,98,22,17.3,27.5,22.9,84.4,0.6,70.5,12.3,"Yes",0
"35",20,"AZ","Arizona","Yavapai",34.6895294,-111.9851837,"West",36818,1,2,0.216194332,4670,2,98,22,17.3,27.5,22.9,84.4,0.6,70.5,12.3,"Yes",0
"36",32,"AR","Arkansas","Craighead",35.8342552,-90.7173691,"South",43259,3,2,0.092469018,4127,27.5,72.5,22,34.1,20.8,6.4,79.9,0.4,81.1,6.6,"Yes",0
"37",36,"AR","Arkansas","Lonoke",34.9675325,-92.0081317,"South",47051,2,3,0.07388664,4150,3.5,96.5,20.2,24.2,12.9,9.4,81.3,0.9,76.7,1.7,"Yes",0
"38",69,"AR","Arkansas","Lonoke",34.5426491,-91.9658922,"South",31458,1,1,0.137774413,2989,34.6,65.4,29.2,48.2,24.1,9.3,93.8,0,81.3,3.2,"Yes",0
"39",37,"AR","Arkansas","Union",33.1112823,-92.3590775,"South",32614,2,1,0.055732484,3026,42.1,57.9,14.3,20.8,9.6,17,86.9,0,82.3,6,"Yes",1
"40",39,"CA","California","Alameda",37.8271294,-122.2844925,"West",63052,2,4,0.069601428,2806,29.7,70.3,22.2,29.5,13.8,5.2,45,23.4,81.9,7.3,"Yes",1
"41",49,"CA","California","Alameda",37.5864713,-122.0600103,"West",88940,4,5,0.0809121,5368,2.1,97.9,8.7,15.1,15.7,7.3,76.3,8.2,84.3,4.1,"Yes",0
"42",30,"CA","California","Contra Costa",37.9996185,-121.8187332,"West",45512,1,3,0.175749894,5381,4.7,95.3,26.9,43.1,36.2,18,69.6,6.9,86.9,8.1,"Yes",1
"43",23,"CA","California","Kern",35.3956975,-119.0027449,"West",58068,4,4,0.131461131,5028,0.1,99.9,18.8,28.2,13.2,15.8,78.2,1.2,65.4,12.9,"Yes",0
"44",48,"CA","California","Kern",35.376175,-119.0144849,"West",18942,1,1,0.132231405,1398,12.4,87.6,32.5,40.5,26.5,16.2,64,0,87.4,4.4,"Yes",0
"45",37,"CA","California","Kern",35.3536224,-119.3315506,"West",55093,4,3,0.117837838,3942,1.9,98.1,23,38.7,24.6,26.2,82.9,0,83.3,5.1,"Yes",0
"46",48,"CA","California","Kern",35.4998598,-119.28055,"West",49076,3,3,0.078510317,4759,1.8,98.2,22.6,29.6,9.4,30,74.6,2.1,80.6,7.5,"Yes",0
"47",34,"CA","California","Kern",35.5890732,-119.3347549,"West",23692,1,1,0.151145038,5062,2.3,97.7,57.1,73.1,18.7,51.9,61,1.9,87.4,3.5,"Yes",0
"48",28,"CA","California","Kern",35.7697792,-119.3015518,"West",48561,3,3,0.151374509,13528,2.5,97.5,21,29.5,17.6,37.7,68.5,0,85.6,3.4,"Yes",0
"49",58,"CA","California","Kern",35.6425591,-118.4136963,"West",30119,1,1,0.108664773,4762,0,100,29.9,48.8,18.8,15.5,78.9,3.2,70.8,6.4,"No",0
"50",57,"CA","California","Kern",35.1274796,-118.4139481,"West",56698,4,4,0.113105925,5774,0.2,99.8,8.6,14.9,33.3,5.8,67.7,0,50.4,8.5,"Yes",0
"51",73,"CA","California","Kings",36.2109603,-119.5828798,"West",56065,4,3,0.041085271,2670,1,99,10.1,12.9,13.4,27.3,75.5,0,73.4,11.2,"Yes",0
"52",27,"CA","California","Los Angeles",34.31029,-118.4531897,"West",52344,3,3,0.098980204,3825,4.8,95.2,33,39.6,22.4,10.4,80.3,3.2,78.2,12.9,"Yes",0
"53",36,"CA","California","Los Angeles",34.0717621,-118.2049866,"West",23075,1,1,0.157422081,4484,0,100,48.3,68.7,28.5,13.3,49.3,12.8,78.9,12,"Yes",0
"54",40,"CA","California","Los Angeles",34.0401299,-118.2106698,"West",25792,1,1,0.218400688,4812,0,100,33.1,49.7,29.8,14.5,61.1,17,83.1,6.9,"Yes",0
"55",25,"CA","California","Los Angeles",34.0383897,-118.2327244,"West",67542,4,4,0.103303862,3124,4.1,95.9,12.5,11.1,5.6,2.1,60.7,10.7,77.5,15.3,"Yes",0
"56",44,"CA","California","Los Angeles",34.0437775,-118.243721,"West",10290,1,1,0.439590444,5514,51.3,48.7,80.7,100,50.3,5.3,7.3,51.8,70.9,16.2,"Yes",1
"57",33,"CA","California","Los Angeles",34.0280075,-118.2735977,"West",27585,1,1,0.123766135,2517,4.8,95.2,44.6,63.3,18.4,13.8,47.5,31.5,89.7,8.6,"Yes",0
"58",29,"CA","California","Los Angeles",33.9436035,-118.2912674,"West",26250,1,1,0.066431095,3768,33.2,66.8,32.1,41.5,26.6,14.2,74.6,11.3,80.8,6.1,"Yes",0
"59",30,"CA","California","Los Angeles",33.9877281,-118.4717178,"West",60714,3,4,0.12679524,2964,3.9,96.1,12.5,6.4,13.8,1,63.7,0.3,78.8,13.7,"Yes",1
"60",65,"CA","California","Los Angeles",34.0021591,-118.4123077,"West",55458,3,3,0.068592058,3887,2.4,97.6,11.6,12.4,36.5,3.4,66.3,5.5,78.5,12.6,"No",0
"61",36,"CA","California","Los Angeles",33.7930495,-118.2709256,"West",66543,4,4,0.094346979,5559,0,100,18.9,31.7,22.3,15.3,83.4,1.9,88.8,4.8,"Yes",0
"62",35,"CA","California","Los Angeles",34.1510618,-118.3435524,"West",83325,5,5,0.085368162,7224,2.9,97.1,9.6,5.6,11.4,0.3,72.5,5.2,77.8,16.9,"Yes",0
"63",24,"CA","California","Los Angeles",34.056838,-117.7509385,"West",26970,1,1,0.122121424,3896,6.1,93.9,35.9,44.4,24,4,53.6,4.3,81.1,8.5,"Yes",0
"64",33,"CA","California","Los Angeles",34.0536053,-118.0453592,"West",57500,3,4,0.015197568,2868,0,100,18.3,23.2,26.4,6.8,60,5.3,85,7.4,"Yes",0
"65",26,"CA","California","Los Angeles",33.9392976,-118.2194634,"West",48295,3,3,0.124827269,4593,0.6,99.4,16.7,23.8,29,8.3,69,5.8,82.9,9.3,"Yes",0
"66",24,"CA","California","Los Angeles",33.9523485,-118.1889472,"West",43750,2,2,0.125765426,3925,0.4,99.6,21.1,30.6,20.1,9.7,66.7,11.9,86.8,5.9,"Yes",0
"67",27,"CA","California","Los Angeles",33.9208252,-118.2461601,"West",38690,2,2,0.214183381,3251,42.3,57.7,21.1,25.5,28.4,5.8,63.6,11.2,83.9,4.9,"No",1
"68",22,"CA","California","Los Angeles",33.8749829,-118.0503535,"West",101818,5,5,0.056978002,6018,5.4,94.6,2.4,1.8,9.5,1.7,75.6,6,79.7,7.1,"Yes",1
"69",21,"CA","California","Los Angeles",33.785408,-118.1393127,"West",65912,4,4,0.086558761,4775,5.3,94.7,13.4,10.8,18.7,2.4,79,6,71.7,10.7,"Yes",0
"70",20,"CA","California","Los Angeles",33.780946,-118.1735922,"West",30398,1,1,0.171334432,4882,8,92,28.6,38.2,36.2,13.5,58,10.7,84,7.1,"Yes",0
"71",38,"CA","California","Los Angeles",33.9017922,-118.3373257,"West",83258,5,5,0.081118881,2671,3.5,96.5,2.1,1.2,21.4,12.4,81.7,1.7,84.6,4.8,"Yes",1
"72",42,"CA","California","Napa",38.306118,-122.2744522,"West",90271,4,5,0.066012002,3902,0.2,99.8,6.9,10.5,13.8,7.4,80.6,0.4,83.2,8.6,"Yes",0
"73",41,"CA","California","Orange",33.6533852,-117.6133728,"West",117413,5,5,0.057580779,9431,0.8,99.2,5.2,7.5,9.2,2,82.4,0.3,82.8,6.9,"Yes",0
"74",40,"CA","California","Orange",33.7431641,-117.867981,"West",47233,1,3,0.123624444,7626,0,100,17.9,17.5,32.2,11.1,74,9.5,86.5,7.9,"Yes",0
"75",28,"CA","California","Orange",33.7470254,-117.8777748,"West",41611,1,2,0.065989848,9969,0,100,27.2,34,30.3,14.3,66.3,9,91,6.9,"Yes",0
"76",44,"CA","California","Orange",33.8200747,-117.941376,"West",45353,1,3,0.119982921,5251,0.5,99.5,13.9,18.5,21.4,14.2,72.9,5.3,92.2,1.5,"Yes",1
"77",32,"CA","California","Orange",33.8366709,-117.9137003,"West",51901,1,3,0.123324397,9877,1.5,98.5,21,25.8,21.4,15.4,64.7,11.3,85.6,6.7,"Yes",1
"78",46,"CA","California","Orange",33.7610283,-117.953743,"West",56818,2,4,0.11815301,4528,0,100,25.9,46.1,22.3,9.5,85.3,2.1,91.5,1.7,"Yes",0
"79",30,"CA","California","Riverside",33.7439798,-116.95425,"West",32708,1,1,0.216848674,2506,15.1,84.9,24.6,25.9,26.3,13.6,74.1,0,82.4,7,"Yes",0
"80",37,"CA","California","Riverside",33.7417183,-116.9542389,"West",32708,1,1,0.216848674,2506,15.1,84.9,24.6,25.9,26.3,13.6,74.1,0,82.4,7,"Yes",0
"81",36,"CA","California","Riverside",33.9951673,-117.0581017,"West",43460,2,2,0.119515253,5398,0.9,99.1,16.8,21.6,12.6,15.4,86,0,77.7,8.4,"Yes",0
"82",43,"CA","California","Sacramento",38.5515137,-121.4342575,"West",48188,2,3,0.107025846,5485,4.4,95.6,28.7,10.8,6.5,6.9,62.2,9,66,4.4,"Yes",0
"83",23,"CA","California","Sacramento",38.6837699,-121.4383999,"West",56458,3,4,0.11952862,3776,2.3,97.7,20.3,18.7,19.8,11.4,69.6,1,65.5,5.1,"Yes",0
"84",28,"CA","California","Sacramento",38.3685913,-121.4939194,"West",60833,3,4,0.164906988,3942,1.3,98.7,15,17.7,19.3,14.7,61,0,70.8,11.6,"Yes",0
"85",53,"CA","California","San Bernardino",34.0511284,-117.720726,"West",46944,3,3,0.135651629,7514,1.6,98.4,19.2,22.5,21,15.1,78.8,2.1,88.4,6.3,"Yes",0
"86",38,"CA","California","San Bernardino",34.0500802,-117.6546599,"West",61989,4,4,0.160571809,6151,6.1,93.9,11.1,16.6,15.4,12.1,66.1,3.4,75.3,9.8,"Yes",0
"87",60,"CA","California","San Bernardino",33.9534248,-117.6501793,"West",97955,5,5,0.138940153,9493,6.2,93.8,9.3,10.7,13.4,3,78.7,0.9,77.8,4.7,"Yes",0
"88",37,"CA","California","San Bernardino",34.0774421,-117.4297614,"West",39153,2,2,0.262976968,6233,2.3,97.7,24.3,29.2,22,14.4,74.5,2.1,85.1,6.1,"Yes",0
"89",24,"CA","California","San Bernardino",34.164711,-117.3321762,"West",52656,3,3,0.102047449,6087,10.9,89.1,16,10.1,13.3,5.8,81.8,0,73.7,3.8,"Yes",0
"90",29,"CA","California","San Bernardino",34.1207352,-117.198616,"West",50645,3,3,0.176044568,4555,4,96,18.4,34.6,39.4,5.6,81.6,1,76.4,8.9,"No",0
"91",43,"CA","California","San Bernardino",34.4155171,-117.1768954,"West",49844,3,3,0.086389961,4973,1.2,98.8,29.9,50.4,25.8,12.3,85.7,0,70.3,11.2,"Yes",0
"92",43,"CA","California","San Diego",32.7543667,-117.2051807,"West",31495,1,1,0.090163934,2869,8.2,91.8,22,15.9,32.3,3.2,67.8,11.6,77.8,7.4,"Yes",0
"93",35,"CA","California","San Diego",32.8019612,-117.154332,"West",66542,3,4,0.056382146,5094,8.1,91.9,14.8,23.1,22.6,1.6,71.9,2.3,79.2,6.9,"Yes",0
"94",57,"CA","California","San Diego",33.0497403,-117.24153,"West",96094,5,5,0.057553957,3926,0.3,99.7,8.7,13.4,17.3,5.9,72.3,0.2,79.6,9.4,"Yes",0
"95",34,"CA","California","San Diego",32.750515,-116.7029652,"West",71929,4,4,0.090909091,7862,11.8,88.2,16.8,23.2,13.5,17,78.6,1.3,70.7,13.3,"Yes",0
"96",25,"CA","California","San Francisco",37.7894309,-122.4220984,"West",61904,2,4,0.040850588,4940,4.2,95.8,11.1,0,17,1.3,14.3,39.7,88.4,5.5,"Yes",0
"97",33,"CA","California","San Francisco",37.7628479,-122.4220047,"West",115750,5,5,0.050441655,5553,0.8,99.2,12.1,20.9,6,1.2,23.1,44.1,88.1,6.7,"Yes",0
"98",22,"CA","California","San Francisco",37.7525108,-122.4140801,"West",60479,2,4,0.115890508,5347,2.9,97.1,20.8,35.4,31.7,7.9,18.9,43.2,80.6,8.3,"Yes",0
"99",29,"CA","California","San Joaquin",37.9482801,-121.2858499,"West",15212,1,1,0.348008386,3770,19.2,80.8,58.4,75.3,21.6,38.5,38.2,7.2,88.1,0.3,"Yes",0
"100",26,"CA","California","San Joaquin",37.9297473,-121.2981304,"West",44228,2,2,0.265224111,7994,8.6,91.4,28.9,36.8,24.7,21,79.5,1,86.7,5.4,"Yes",0
"101",36,"CA","California","San Joaquin",38.02911,-121.3156891,"West",41385,2,2,0.235502122,3280,12.3,87.7,28.5,41.1,24.5,11.9,78.1,1.4,83.1,5.8,"Yes",0
"102",58,"CA","California","San Mateo",37.6279793,-122.4539337,"West",111903,4,5,0.063268366,5598,4.5,95.5,5.3,6.2,15,10.3,70,12.9,79.8,7.5,"No",1
"103",24,"CA","California","Santa Clara",37.316599,-121.8759895,"West",39892,1,2,0.083946344,5188,4,96,29.9,40.5,23.7,19.1,73.9,5.8,87.7,8,"Yes",1
"104",58,"CA","California","Santa Clara",37.3052139,-121.8414917,"West",41767,1,2,0.115249119,4281,0,100,18.5,36.1,25.3,9.7,77.1,6,80,8.3,"Yes",0
"105",29,"CA","California","Santa Clara",37.4033102,-121.9956697,"West",80962,2,5,0.120577121,5422,1.1,98.9,6.9,9.5,22.3,5.6,81.1,3.3,91.2,1.7,"Yes",0
"106",25,"CA","California","Santa Clara",37.3612938,-121.959137,"West",62664,1,4,0.107110979,6600,3.8,96.2,14.3,23.7,26.3,8.8,76,8.6,92.2,5.5,"Yes",1
"107",38,"CA","California","Solano",38.1320534,-122.2226868,"West",91573,5,5,0.108266073,6731,16.7,83.3,7.9,9.7,15.9,6,73.3,2.6,75.9,3.2,"Yes",0
"108",37,"CA","California","Solano",38.2652893,-121.9976044,"West",45833,1,3,0.160147262,5201,20.6,79.4,19.8,30.8,19,13.2,65.3,8,75.9,6.7,"Yes",0
"109",47,"CA","California","Sonoma",38.3767128,-122.7918701,"West",68926,4,4,0.065811966,4000,0.6,99.4,9.2,7.3,22.4,7.1,69.7,0.5,64.5,18.7,"Yes",0
"110",30,"CA","California","Stanislaus",37.6910477,-120.9706879,"West",53097,4,3,0.092623405,4158,2.4,97.6,5.7,8.8,15.5,10.8,73.7,0.9,70.2,5,"Yes",1
"111",22,"CA","California","Tehama",39.9362717,-122.2013168,"West",46320,4,3,0.17323741,7907,1.4,98.6,28.3,37.7,22.3,21.8,70.9,0,79.5,8.3,"Yes",0
"112",27,"CA","California","Ventura",34.2278137,-119.1828842,"West",65552,2,4,0.086549063,3340,2.2,97.8,10.6,12.8,16.3,13.3,81.2,2.3,83.8,3.2,"Yes",1
"113",36,"CA","California","Yuba",39.1221504,-121.5654984,"West",28837,1,1,0.214501511,2129,2,98,38,39.8,22.2,30.3,63.7,0,80.5,1.1,"No",0
"114",33,"CO","Colorado","Adams",39.8945198,-104.9772263,"West",55442,1,3,0.08035982,6989,1.8,98.2,14.8,17.8,16.4,7.7,81.5,2.2,83.2,8.7,"Yes",1
"115",40,"CO","Colorado","Arapahoe",39.7281647,-104.8446426,"West",48169,2,3,0.1340882,3523,16.6,83.4,28.4,31.5,28.6,16.6,67.2,7.1,80.4,9.5,"Yes",1
"116",38,"CO","Colorado","Arapahoe",39.7354916,-104.7992847,"West",38293,1,2,0.172646427,6442,21.9,78.1,28.1,37.5,23.1,8.5,70.7,14,82.4,1.7,"Yes",1
"117",40,"CO","Colorado","Boulder",39.9386327,-105.2570694,"West",111464,5,5,0.051483733,4741,0,100,4.2,0,13,2.2,57.2,11.4,74.9,11.5,"Yes",0
"118",18,"CO","Colorado","Denver",39.7534,-104.9093599,"West",54261,3,3,0.096314908,4738,34.2,65.8,11.7,22.6,17.6,3.9,73.6,7.3,79.9,4.7,"Yes",0
"119",70,"CO","Colorado","Fremont",38.4461021,-105.1917953,"West",41571,3,2,0.109414758,2417,4.6,95.4,19.3,26.9,32.1,11.8,81.3,1,64.6,4.9,"Yes",0
"120",46,"CO","Colorado","Garfield",39.5608522,-107.3613187,"West",59051,3,4,0.044583333,3899,0,100,10,17.1,18,14.8,70.5,4.4,75.4,10.9,"Yes",0
"121",21,"CO","Colorado","Las Animas",37.1747471,-104.4915234,"West",25688,1,1,0.12590799,2006,0.7,99.3,20.3,8.1,20.2,22.6,78.5,0,61.3,4.8,"Yes",1
"122",18,"CO","Colorado","Mesa",39.0733903,-108.5559598,"West",30484,1,1,0.079276773,2307,1.1,98.9,23.4,16.7,21,14.1,68.9,1.2,85.5,6.3,"Yes",0
"123",47,"CO","Colorado","Moffat",40.5144005,-107.4890213,"West",74510,3,4,0.041666667,3002,0,100,4,2.4,18.6,24.8,70.2,0,74,13.8,"Yes",0
"124",27,"CO","Colorado","Pueblo",38.2854206,-104.573478,"West",34987,3,2,0.171932403,6189,0.6,99.4,24.5,37.2,23.9,7,79.1,0.8,79.1,3.3,"Yes",0
"125",40,"CO","Colorado","Weld",40.3840446,-104.6920242,"West",27500,1,1,0.121156494,4889,0,100,34,41.5,23.5,24,66.6,0,85.9,4.5,"Yes",0
"126",42,"CT","Connecticut","New Haven",41.2693481,-72.8428955,"Northeast",64063,3,4,0.071680376,4285,3.6,96.4,9.3,10.5,14.4,4.7,83.1,5.2,79.7,6.9,"No",0
"127",53,"DE","Delaware","Kent",39.2800324,-75.6028052,"South",66998,5,4,0.063839559,14528,27.6,72.4,5.4,5.7,16.9,8.3,87.2,0.7,78.4,2.8,"Yes",0
"128",36,"DE","Delaware","New Castle",39.8179254,-75.4563524,"South",36519,1,2,0.137201979,4365,41.6,58.4,19.1,26.2,21.1,5.7,77.3,5.6,83,4.5,"Yes",0
"129",36,"DC","District of Columbia","District of Columbia",38.8984573,-77.032015,"South",118194,5,5,0.019665683,2781,6.9,93.1,16.4,22.6,10.1,0,17.1,29.8,67.1,5.6,"Yes",1
"130",46,"FL","Florida","Bay",30.1703529,-85.7008362,"South",36273,1,2,0.114788437,4038,7.3,92.7,16.8,23.3,29.3,7.2,78.7,0,83.3,4.7,"Yes",0
"131",31,"FL","Florida","Brevard",28.35171,-80.748771,"South",21000,1,1,0.155444722,3438,57.4,42.6,54.5,71.2,53.8,7.8,63.4,14.2,86.8,3.7,"Yes",1
"132",51,"FL","Florida","Brevard",27.9906769,-80.6457672,"South",39535,2,2,0.080136986,9742,19.7,80.3,19.2,32.7,27.7,5.8,78.6,0.4,84.5,5.5,"Yes",0
"133",40,"FL","Florida","Broward",26.256782,-80.167854,"South",39561,2,2,0.081150488,5066,7.9,92.1,6.6,7.5,18.6,8.6,90.9,0.6,79.7,3,"No",1
"134",27,"FL","Florida","Broward",26.1292725,-80.1778488,"South",22712,1,1,0.294452347,3328,95.9,4.09999999999999,49.4,72.5,50.1,4.3,51.5,12.9,71.7,6.1,"No",1
"135",30,"FL","Florida","Broward",26.1071098,-80.1828401,"South",43496,2,2,0.11313083,8415,65.2,34.8,33.1,53.5,41.2,10.6,61.5,12.4,77.9,6.8,"Yes",1
"136",30,"FL","Florida","Broward",26.1503577,-80.2101228,"South",29884,1,1,0.160730056,6450,90,10,25.3,33.7,23.7,9.1,73.6,8.4,79,5.4,"Yes",1
"137",17,"FL","Florida","Duval",30.3778403,-81.6836172,"South",23880,1,1,0.232041049,4166,94.7,5.3,37.5,60,30.4,5.8,67.7,5.9,86.5,4.2,"Yes",1
"138",29,"FL","Florida","Duval",30.2145387,-81.7372566,"South",40071,2,2,0.149261335,11024,48.2,51.8,24.2,44.1,29.2,3,78.5,2,87.7,0.8,"Yes",1
"139",38,"FL","Florida","Gulf",29.812402,-85.301915,"South",38176,2,2,0.129227053,3534,31.7,68.3,10.8,6.9,25.6,11.5,77.6,0,75,7.1,"Yes",0
"140",37,"FL","Florida","Hillsborough",28.1022091,-82.4886322,"South",77275,5,5,0.063364345,7141,6.3,93.7,9,8.8,12.5,7.9,71.5,0,85.2,2.6,"Yes",0
"141",59,"FL","Florida","Lake",28.5670815,-81.8123245,"South",54905,4,3,0.12539185,13691,17.3,82.7,9.4,9.8,16.8,9.1,79.4,0,85.8,4.2,"Yes",0
"142",65,"FL","Florida","Leon",30.4609642,-84.2794113,"South",28859,2,1,0.091334895,2036,30.8,69.2,30.6,49,25.2,5,75,0.5,72,3.1,"Yes",0
"143",29,"FL","Florida","Leon",30.4664764,-84.3292542,"South",38658,2,2,0.133175195,4915,34.3,65.7,30.6,47.4,22.9,4.5,84.5,2.1,64.5,4,"Yes",1
"144",34,"FL","Florida","Marion",29.3102512,-82.1930542,"South",45125,4,3,0.108317215,8208,24.9,75.1,14.1,12.3,19.3,8.5,88.4,0,69.9,5.7,"Yes",0
"145",23,"FL","Florida","Miami-Dade",25.8430748,-80.2112122,"South",26082,1,1,0.289340102,6589,83.7,16.3,49.3,60.6,35.8,14.5,74,13.7,68.3,11.3,"Yes",1
"146",26,"FL","Florida","Miami-Dade",25.9503192,-80.2074225,"South",52453,4,3,0.116955017,5633,82.9,17.1,11.9,26.3,27.7,9.1,75.4,14.2,75.5,3.3,"Yes",1
"147",19,"FL","Florida","Monroe",25.1559029,-80.3902588,"South",54219,3,3,0.081262592,2345,1.2,98.8,12.5,4.5,18.6,16.2,64.9,4.8,65.2,15.2,"No",0
"148",38,"FL","Florida","Orange",28.4995747,-81.3055038,"South",29410,1,1,0.153279786,2778,9.8,90.2,38.6,63.9,26.8,12.6,74.3,9.4,94.4,3,"Yes",0
"149",47,"FL","Florida","Orange",28.4805509,-81.3283666,"South",30069,1,1,0.127546072,3902,3.8,96.2,24.5,25.8,25.6,17,73.1,2.9,91.2,4.9,"Yes",0
"150",19,"FL","Florida","Pinellas",27.8200741,-82.6588058,"South",46233,3,3,0.115461847,4853,2.6,97.4,14.5,20.3,15.3,5.8,85.9,0.4,79,9,"Yes",0
"151",43,"FL","Florida","Polk",28.1034451,-81.9506454,"South",39108,2,2,0.155357805,5190,16.2,83.8,8.9,6.4,27.9,5.1,88.4,2.7,85.3,4.3,"Yes",0
"152",49,"FL","Florida","Putnam",29.743281,-81.963951,"South",36844,4,2,0.176148796,6555,9.9,90.1,20.5,35.9,19,15.8,78.3,0,76.7,6,"Yes",1
"153",29,"FL","Florida","St. Johns",29.9727812,-81.4809528,"South",90191,4,5,0.054535801,26173,4.4,95.6,5.2,6.3,13.6,6.3,86.5,0,80.1,3.2,"Yes",0
"154",54,"FL","Florida","St. Johns",29.850338,-81.2775116,"South",59167,3,4,0.099182004,5396,0.2,99.8,7,2.3,22,0.9,77.6,0,82.9,3.9,"Yes",0
"155",40,"FL","Florida","St. Lucie",27.4486504,-80.3266068,"South",11378,1,1,0.305194805,1059,38.1,61.9,74.2,93.1,41.5,6.3,66.6,4.2,81.9,8,"Yes",1
"156",23,"FL","Florida","Santa Rosa",30.4130363,-86.8348923,"South",60186,3,4,0.108825481,11920,8.9,91.1,15.2,17.3,19.6,7.4,86.3,0,73.2,11.4,"Yes",0
"157",34,"FL","Florida","Sarasota",27.3431099,-82.5386202,"South",50852,3,3,0.114509804,3957,8,92,17.8,34.1,13.1,8.2,72.3,3.9,85.1,8.6,"No",0
"158",27,"FL","Florida","Volusia",28.8863035,-81.2532239,"South",43413,3,2,0.102382486,3837,3.7,96.3,21,20.7,13,7.8,91.6,0,86,3.7,"Yes",0
"159",41,"GA","Georgia","Carroll",33.5906563,-85.0489044,"South",43517,3,2,0.136045259,8870,22.7,77.3,22.6,27.9,15.6,13,83.5,0,82.6,5.5,"Yes",1
"160",23,"GA","Georgia","Chatham",32.0666924,-81.1678772,"South",33545,2,1,0.119607843,6111,22.4,77.6,45.3,60.9,27.2,22.4,76.9,2.4,80.1,14.7,"No",1
"161",24,"GA","Georgia","Chatham",32.1656761,-81.1842117,"South",68136,5,4,0.050383481,21032,37.7,62.3,6.3,7.9,11.9,7.4,86.7,0.3,76.2,1.8,"Yes",0
"162",38,"GA","Georgia","Cobb",33.9112854,-84.6947861,"South",96625,4,5,0.050305914,6129,19.1,80.9,2.5,2.8,13.6,9.1,72.6,1.8,74.9,7.4,"Yes",0
"163",24,"GA","Georgia","Cobb",33.86441,-84.477958,"South",53891,2,3,0.033260234,3972,47.8,52.2,4.7,0,10,6.2,88.5,0.4,79.4,3.8,"Yes",1
"164",46,"GA","Georgia","Coffee",31.5233612,-82.8451767,"South",38988,4,2,0.11037302,4398,25.6,74.4,22.2,31.9,16.9,4.1,82.2,4.3,68.5,12.7,"Yes",0
"165",35,"GA","Georgia","Colquitt",31.0882878,-83.6398052,"South",54871,5,3,0.140276302,3367,9.7,90.3,10,10.3,8.7,13.8,65,2.7,74.5,2.2,"Yes",0
"166",28,"GA","Georgia","DeKalb",33.8942184,-84.3032227,"South",57964,4,4,0.170409511,4032,11.4,88.6,17.7,32.3,12.1,7.9,72.6,4.4,82.2,5.7,"Yes",1
"167",36,"GA","Georgia","Floyd",34.2185669,-85.3869934,"South",40708,3,2,0.150121065,4124,4.2,95.8,18.4,22.2,16.1,17.1,90.7,0,74.6,1.8,"No",1
"168",26,"GA","Georgia","Fulton",33.7512627,-84.3930283,"South",56190,3,3,0.229482072,2107,57.9,42.1,53.8,0,20.2,2.7,53.7,19,87.3,0.8,"Yes",1
"169",63,"GA","Georgia","Fulton",33.7033899,-84.4080502,"South",17545,1,1,0.23108747,3259,87.5,12.5,46.1,61.1,37.6,2.7,60.1,25.9,91.4,0.9,"No",1
"170",70,"GA","Georgia","Gwinnett",33.9334145,-84.0869064,"South",60631,3,4,0.099892819,7966,22,78,19.9,21.1,22.8,12.8,74,1.4,84.4,7.5,"Yes",0
"171",42,"GA","Georgia","Habersham",34.6314812,-83.5972519,"South",47196,5,3,0.133676093,5208,2.8,97.2,8,1.7,19.9,14.2,86.4,0,65.1,14,"Yes",0
"172",43,"GA","Georgia","Lowndes",30.8424794,-83.3328619,"South",34083,3,1,0.111002921,2415,42.7,57.3,23.4,35,23.4,7.9,84.1,0,74.5,5.9,"Yes",1
"173",58,"GA","Georgia","Putnam",33.3434998,-83.2064702,"South",44902,3,3,0.066384181,3213,6.7,93.3,15.2,24.7,9.2,11.4,78.2,0,82.9,5,"Yes",0
"174",37,"GA","Georgia","Rockdale",33.5961237,-84.0463328,"South",54146,3,3,0.140740741,6005,37.9,62.1,10,17.7,13.8,11.3,79.2,0.6,80.8,3.2,"Yes",0
"175",64,"HI","Hawaii","Hawaii",19.915194,-155.831754,"West",70159,5,4,0.110093792,7713,0.2,99.8,8.3,14.9,27.9,10.9,75.9,0.3,84.1,6.9,"No",0
"176",39,"HI","Hawaii","Honolulu",21.3065129,-157.8598659,"West",25323,1,1,0.231788079,330,11.5,88.5,16.7,5.3,30.8,0,60.6,14.4,61.5,7.7,"No",0
"177",47,"HI","Hawaii","Honolulu",21.3106435,-157.8625984,"West",62594,2,4,0.055155875,1305,7.4,92.6,18.2,2.2,6.7,3.8,42.9,6.8,65.3,13.7,"Yes",0
"178",20,"HI","Hawaii","Kauai",21.9338608,-159.6427002,"West",72000,5,4,0.045591398,3922,0.1,99.9,6,4.9,22.8,16.5,81.5,1.5,76,6.2,"No",0
"179",27,"ID","Idaho","Ada",43.5789295,-116.2223222,"West",33611,1,1,0.117797332,5492,3.5,96.5,24.6,33.8,22.3,7.7,73.9,1.1,78.4,4,"Yes",0
"180",32,"ID","Idaho","Canyon",43.7041283,-116.5797195,"West",58600,5,4,0.095137421,9846,0,100,10.7,9.6,16.7,15.2,71.3,0.3,72.5,11.4,"Yes",0
"181",32,"ID","Idaho","Jefferson",43.6411095,-111.7173996,"West",57256,2,4,0.06899401,11374,0,100,10.6,15.8,11.8,17.4,81.7,0.7,77.6,6,"Yes",0
"182",46,"ID","Idaho","Madison",43.8255653,-111.7787094,"West",19672,1,1,0.091570649,3850,0,100,41.4,41.9,15.8,10.3,67.6,0,82,5.4,"Yes",0
"183",19,"IL","Illinois","Cook",41.7607203,-87.57246,"Midwest",34771,2,2,0.191593353,1676,94.3,5.7,27.2,54.2,26.9,1.5,46.5,46.7,78.7,1.5,"Yes",1
"184",32,"IL","Illinois","Cook",41.9897374,-87.8759104,"Midwest",46048,3,3,0.095054592,2566,2.1,97.9,10,18.9,26.1,9.4,80.3,6.4,72.6,3.5,"Yes",0
"185",46,"IL","Illinois","Cook",41.6037641,-87.6340616,"Midwest",33028,2,1,0.212271153,4141,66.8,33.2,33.1,52.7,27.7,9.2,85.5,3.5,81.6,2.8,"Yes",1
"186",40,"IL","Illinois","Douglas",39.691962,-88.3028705,"Midwest",51518,2,3,0.053739612,3516,0.5,99.5,13.8,22.3,14,11,75.5,0.8,81.7,7.2,"Yes",0
"187",18,"IL","Illinois","Lake",42.4539375,-87.8439407,"Midwest",47723,1,3,0.273263434,3204,39,61,22.6,32.1,19.6,7.2,81.4,4,85.7,4.1,"Yes",1
"188",28,"IL","Illinois","Madison",38.8918839,-90.1335983,"Midwest",24946,1,1,0.203891051,2814,20.3,79.7,32.3,48.4,35.1,8.5,81,3.4,83.7,10.1,"Yes",0
"189",64,"IL","Illinois","Massac",37.1760399,-88.6766698,"Midwest",51518,3,3,0.104347826,3642,10.2,89.8,18.6,33.9,25.4,11.9,91.1,0,85.6,6.5,"Yes",0
"190",33,"IL","Illinois","Rock Island",41.4996099,-90.5816397,"Midwest",37215,2,2,0.166843783,2485,45.9,54.1,35,54.9,19.4,5.3,73.1,7.2,79.7,7.2,"Yes",1
"191",21,"IL","Illinois","Will",41.525211,-88.074195,"Midwest",25093,1,1,0.152272727,3652,38.1,61.9,41.2,58.6,31,9.9,66.1,1.3,87,4.5,"Yes",1
"192",28,"IL","Illinois","Williamson",37.7308112,-88.9412637,"Midwest",32313,1,1,0.085856304,5223,11.3,88.7,20.2,21.1,26.7,4,80.7,0,77.6,1.8,"Yes",0
"193",42,"IL","Illinois","Winnebago",42.2503929,-89.0685043,"Midwest",26032,1,1,0.19002079,5667,18.7,81.3,41.7,58.9,27.3,11.8,69.5,4.6,90.1,6.2,"Yes",0
"194",61,"IN","Indiana","Clay",39.5332565,-87.0744171,"Midwest",42348,1,2,0.075280112,6691,0.3,99.7,16.4,17.2,17.3,5.7,82,0,79.8,4.6,"Yes",0
"195",40,"IN","Indiana","Lake",41.4479828,-87.371109,"Midwest",65074,5,4,0.086255656,7512,14.1,85.9,10.1,34.1,11.9,10.7,87.2,3.1,85.1,5.1,"No",0
"196",37,"IN","Indiana","Marion",39.8115999,-86.1025699,"Midwest",25677,1,1,0.224820144,1439,88.5,11.5,46.1,69.6,34.8,8.6,75.5,10.4,77.1,6.8,"Yes",1
"197",24,"IN","Indiana","Marion",39.7669106,-86.1499634,"Midwest",39727,3,2,0.067321178,6342,23.2,76.8,26.6,17.6,17,0,73.7,5.8,81.2,2.5,"Yes",0
"198",28,"IN","Indiana","Marion",39.8262703,-85.9910497,"Midwest",36070,3,2,0.121461408,7607,55.9,44.1,32.2,47.5,20.8,7.2,85.2,4.4,88,4.2,"Yes",1
"199",52,"IN","Indiana","Marion",39.7927158,-85.9919228,"Midwest",43110,4,2,0.125633232,6108,38.2,61.8,23.4,40.8,23.4,9.2,91.6,4.3,83.6,0.7,"Yes",0
"200",32,"IN","Indiana","Vigo",39.4629302,-87.3788602,"Midwest",44857,4,2,0.054470101,3120,3.3,96.7,16.8,21.1,16.5,6.5,85.8,0.7,81,4.7,"Yes",0
"201",30,"IN","Indiana","White",40.8749496,-86.8776412,"Midwest",40959,1,2,0.087258687,2873,0,100,23.7,43.1,13.5,18.9,80.2,0.6,87.9,4.8,"Yes",1
"202",35,"IA","Iowa","Des Moines",40.8100281,-91.1185837,"Midwest",26964,1,1,0.105963791,4028,13.4,86.6,23.5,28.6,30.1,9.9,80.7,0.9,87.8,2.7,"Yes",0
"203",31,"IA","Iowa","Polk",41.5810397,-93.609646,"Midwest",29375,1,1,0.127948113,3290,12.4,87.6,23.4,26.5,30.3,9,78,4.7,88.3,5.2,"Yes",0
"204",54,"KS","Kansas","Johnson",38.816658,-94.9135437,"Midwest",67702,3,4,0.035865793,4696,5.2,94.8,3.8,5.3,7.1,11.2,85.9,2.7,82.7,1.5,"Yes",0
"205",36,"KS","Kansas","Saline",38.7112324,-97.5695687,"Midwest",57244,4,4,0.041356877,3831,0.1,99.9,7.9,14.5,16.6,16,81.2,0.9,69.5,16.7,"Yes",0
"206",24,"KS","Kansas","Sedgwick",37.6939376,-97.2804936,"Midwest",36701,2,2,0.106899903,4384,34.1,65.9,15.8,18.7,30.6,11.7,83.6,0,76.3,7.6,"Yes",0
"207",39,"KS","Kansas","Shawnee",39.0536007,-95.7618132,"Midwest",38608,3,2,0.045649073,5588,3.7,96.3,13.1,16.9,9.7,7,85.1,1.2,82.3,3,"Yes",0
"208",35,"KS","Kansas","Wyandotte",39.1362457,-94.6423798,"Midwest",24929,1,1,0.258571429,1995,62.4,37.6,43.6,64.3,32.2,19.7,57.6,11.4,75.9,9.7,"No",0
"209",22,"KS","Kansas","Wyandotte",39.0714403,-94.6402303,"Midwest",32471,2,1,0.178185745,3895,8.6,91.4,34.4,49.4,22.6,17,78.5,0.9,86.5,5.4,"Yes",0
"210",39,"KY","Kentucky","Daviess",37.7242317,-87.1226807,"South",70638,5,4,0.032068063,3466,5.9,94.1,14.8,29.1,16.8,11.8,88.4,0,80.6,4.2,"Yes",1
"211",30,"KY","Kentucky","Hardin",37.734657,-85.888427,"South",58463,4,4,0.053564237,10792,6,94,8.5,8.4,16.6,9.1,80.6,0,68.8,5.6,"Yes",1
"212",41,"KY","Kentucky","Jessamine",37.8669354,-84.6608786,"South",50265,4,3,0.053853296,8358,1,99,21,34.9,23.8,6.8,75.4,0.3,79.4,4.6,"Yes",0
"213",68,"KY","Kentucky","Lincoln",37.51334,-84.5990601,"South",17917,1,1,0.205128205,2296,4,96,43.9,59.2,18,1,91,0,77.4,3.9,"No",0
"214",66,"KY","Kentucky","Magoffin",37.5631485,-82.9268265,"South",25139,1,1,0.312611012,1987,0.3,99.7,35.5,45.4,21.2,36.6,78.9,1,82.2,5.3,"Yes",0
"215",54,"KY","Kentucky","Perry",37.3803482,-83.2437286,"South",36782,4,2,0.088392857,3312,1.2,98.8,19.2,18.1,21.6,11.5,75.8,1.1,71.6,7.5,"Yes",0
"216",48,"KY","Kentucky","Whitley",36.7391205,-84.1332397,"South",27582,3,1,0.096566524,6490,0.1,99.9,19.7,33.2,16,17.3,83.5,1.8,68.5,6.6,"No",0
"217",25,"LA","Louisiana","Bossier",32.5170212,-93.7078476,"South",33898,2,1,0.082046758,3952,31.3,68.7,27.9,41,28,18,81.6,0,73.9,5.7,"Yes",0
"218",32,"LA","Louisiana","East Baton Rouge",30.5366734,-91.1694337,"South",21964,1,1,0.27734375,1549,93.4,6.59999999999999,45,59.2,20.1,15.9,78.2,5.3,72.5,0,"Yes",1
"219",34,"LA","Louisiana","Evangeline",30.751305,-92.437994,"South",43056,4,2,0.02987013,1970,3.3,96.7,26.5,43.1,27.9,26.7,81.8,0,69.3,8.3,"Yes",0
"220",26,"LA","Louisiana","Jefferson",29.8768171,-90.0489899,"South",25950,1,1,0.018193225,3109,52.7,47.3,28.3,31.9,16.3,22.1,82.4,0.9,90.5,1.2,"Yes",1
"221",49,"LA","Louisiana","Jefferson",29.8598535,-90.0722601,"South",42083,3,2,0.057540884,4272,86.7,13.3,41.5,61.7,30.8,10.8,91.4,0.6,83.7,4.9,"Yes",1
"222",48,"LA","Louisiana","Livingston",30.4504135,-90.9602784,"South",70469,5,4,0.065487392,4851,2,98,15.6,23.2,9.6,12.6,91,0,78.7,7.2,"Yes",0
"223",48,"LA","Louisiana","Madison",32.3727417,-91.1993637,"South",21803,2,1,0.192203083,2989,45.9,54.1,37.9,42.7,25,24.1,88.9,0,74.8,10.2,"No",0
"224",23,"LA","Louisiana","Orleans",30.0135784,-89.988533,"South",20556,1,1,0.20361991,943,60.6,39.4,64.7,83.4,19.1,26.7,34.6,25.5,79.6,20.4,"Yes",1
"225",38,"LA","Louisiana","Orleans",29.9412498,-90.0852399,"South",15293,1,1,0.324444444,1332,84,16,49.5,48.5,56,5,33.4,11.1,91.2,4.8,"Yes",1
"226",28,"LA","Louisiana","Rapides",31.3217392,-92.4348602,"South",27972,2,1,0.065723794,2481,47.1,52.9,36.3,63.2,45,3.2,60.2,9.3,75.4,5.9,"Yes",0
"227",62,"ME","Maine","Aroostook",46.1598784,-68.1000068,"Northeast",40288,4,2,0.115207373,3137,0.3,99.7,19.4,26.7,24.5,13.1,78.6,0,68.4,13.1,"Yes",0
"228",28,"MD","Maryland","Anne Arundel",39.1066513,-76.7348022,"South",79844,2,5,0.095238095,1827,10.5,89.5,0.6,0,19,8.6,37.1,1,55.2,0,"Yes",1
"229",55,"MD","Maryland","Baltimore",39.3798716,-76.820209,"South",54274,2,3,0.067278287,3415,84.5,15.5,7.7,9.2,17,2.6,79.2,10.3,66.9,2.1,"Yes",1
"230",17,"MD","Maryland","Baltimore",39.2983478,-76.4401614,"South",38879,1,2,0.115929459,5156,59.1,40.9,15.3,28.5,27,7.7,72.6,9.9,81.3,3.2,"Yes",0
"231",38,"MD","Maryland","Cecil",39.5735002,-75.8158102,"South",53941,1,3,0.134502924,3770,13,87,7.4,11,18.1,7.7,72.4,1.8,79.2,9.4,"Yes",1
"232",41,"MD","Maryland","Montgomery",39.0841484,-76.9422684,"South",42097,1,2,0.159026599,3114,82,18,12.1,12.7,37.3,3.1,61.3,30.8,83.1,1.6,"No",1
"233",35,"MD","Maryland","Prince George's",38.9048424,-76.8766708,"South",84028,4,5,0.120465116,4029,92.1,7.90000000000001,9.4,13.1,19.7,2.5,68.6,23.3,58.7,2.4,"Yes",1
"234",32,"MD","Maryland","Washington",39.6494503,-77.7206332,"South",16007,1,1,0.348777349,1941,45,55,43.7,68.8,34.9,4.2,55.4,9.4,84.6,2.7,"No",1
"235",26,"MD","Maryland","Wicomico",38.3791997,-75.6071202,"South",30844,1,1,0.206338726,5974,76.1,23.9,19.1,23,28.5,11,74.9,1.6,86.4,2.2,"Yes",1
"236",26,"MD","Maryland","Baltimore city",39.3079703,-76.6448703,"South",21083,1,1,0.254367575,3397,98.7,1.3,48,73.8,42.6,0.4,15.4,65.3,67.9,2.1,"No",1
"237",27,"MD","Maryland","Baltimore city",39.2844658,-76.6468658,"South",21433,1,1,0.309882747,1783,68.5,31.5,49.3,50.7,33.3,1.9,35.4,37,77,3.8,"Yes",1
"238",23,"MA","Massachusetts","Barnstable",41.6848183,-69.966423,"Northeast",67059,4,4,0.096795291,3419,4.4,95.6,9.8,14.2,28.1,4.3,79.4,0,63.9,23.2,"No",0
"239",31,"MA","Massachusetts","Middlesex",42.6146317,-71.2831421,"Northeast",102399,4,5,0.058623619,5982,2.1,97.9,3.6,0.3,14.4,7.6,92.1,1.9,85.8,2.9,"Yes",0
"240",50,"MA","Massachusetts","Norfolk",42.2566948,-70.9316177,"Northeast",66036,2,4,0.093385214,3903,0.1,99.9,5,1.7,16.7,11,79.2,8.8,80.4,6.2,"Yes",0
"241",42,"MA","Massachusetts","Suffolk",42.3126099,-71.0899229,"Northeast",20388,1,1,0.22039801,5243,59.8,40.2,45.5,65.7,36.5,5.2,49.9,42.5,85.9,1.8,"Yes",1
"242",41,"MA","Massachusetts","Worcester",42.0585899,-71.8781281,"Northeast",35507,1,2,0.134320175,3803,1.5,98.5,21.2,36,25.5,9.2,81.6,0,89,4.4,"Yes",0
"243",18,"MI","Michigan","Bay",43.5996857,-83.8729324,"Midwest",19097,1,1,0.260663507,1284,2.8,97.2,39.1,63.5,36.1,5.2,77.1,2.2,87.8,9.9,"Yes",0
"244",18,"MI","Michigan","Eaton",42.7556214,-84.8926637,"Midwest",67756,5,4,0.090425532,3623,0.1,99.9,8.5,12.8,16.9,11.3,84.2,0.1,77.2,7.3,"Yes",0
"245",33,"MI","Michigan","Eaton",42.5121727,-84.7003385,"Midwest",71417,5,4,0.069385271,3126,0.5,99.5,2.9,0,15.8,11.7,91.4,0.5,77.6,5,"Yes",0
"246",39,"MI","Michigan","Kalamazoo",42.2294236,-85.640723,"Midwest",74347,5,4,0.071646341,5592,7.4,92.6,6.2,2.3,11.5,8.3,88.2,0,79.7,6.8,"Yes",0
"247",32,"MI","Michigan","Kent",42.8932381,-85.6605835,"Midwest",44553,3,2,0.174167417,4104,8.9,91.1,15.1,22.1,20.1,7.1,72.6,4.4,90.1,3.3,"Yes",0
"248",26,"MI","Michigan","Wayne",42.3859138,-83.1876144,"Midwest",24539,2,1,0.258064516,2580,96.7,3.3,47.6,72.7,36.8,0,56.1,15.1,93.1,3.1,"Yes",1
"249",21,"MI","Michigan","Wayne",42.3648081,-83.2359631,"Midwest",21468,1,1,0.181212525,3970,95,5,63.3,87.7,38.5,4.3,68.9,6,90.5,3.8,"Yes",1
"250",19,"MI","Michigan","Wayne",42.1408048,-83.2159779,"Midwest",60795,5,4,0.091408935,3242,1.3,98.7,9,18.8,19.6,7.8,94.8,0,80.2,1.4,"Yes",0
"251",40,"MI","Michigan","Wayne",42.0951881,-83.2008743,"Midwest",67636,5,4,0.145936982,4566,2.2,97.8,11.9,19,25.6,8.9,82.2,2.9,85.3,1.1,"No",0
"252",32,"MN","Minnesota","Anoka",45.0686548,-93.2634647,"Midwest",47174,1,3,0.108108108,2440,16.4,83.6,10.3,6.3,17.3,8.1,79.1,5.3,85.8,5.9,"Yes",1
"253",58,"MN","Minnesota","Hennepin",45.0622444,-93.3187485,"Midwest",38958,1,2,0.101226994,3216,18.8,81.2,14.4,21.2,21.3,4.1,75.9,9.4,82,3,"No",0
"254",67,"MN","Minnesota","Hennepin",45.035038,-93.3867416,"Midwest",46519,2,3,0.112132353,5065,17.8,82.2,6.8,3.5,23.7,5.9,74.4,11.7,90.7,3.7,"Yes",0
"255",25,"MN","Minnesota","Hennepin",44.8254901,-93.35841,"Midwest",82702,4,5,0.049067982,6315,3,97,7.6,14.2,10.7,1.7,82.3,1.7,88.2,5.4,"Yes",0
"256",29,"MN","Minnesota","Ramsey",44.9535713,-93.0245514,"Midwest",47525,2,3,0.106712565,4656,22.1,77.9,21.6,28.9,28.7,4.9,75.4,4.2,79.2,5.2,"Yes",0
"257",25,"MN","Minnesota","Ramsey",44.9580421,-93.0942535,"Midwest",18156,1,1,0.223255814,2395,39.1,60.9,48.4,60.9,28.9,4.1,78.9,12,75,5.2,"Yes",1
"258",50,"MS","Mississippi","George",30.8003197,-88.6320801,"South",36319,1,2,0.105180534,6947,8.8,91.2,21.2,25.2,7.7,23,89.9,2.2,82.6,5.8,"Yes",0
"259",50,"MS","Mississippi","Harrison",30.4247537,-89.0925243,"South",19031,1,1,0.127254509,2500,83.9,16.1,51.9,52.8,28.6,7.1,74.6,3.2,85.3,5.1,"Yes",0
"260",44,"MS","Mississippi","Lauderdale",32.3308716,-88.5660095,"South",44247,4,2,0.098382749,7430,16.3,83.7,5.6,1.7,11.8,15.2,87,2.6,77.4,6,"No",0
"261",37,"MS","Mississippi","Pike",31.3249302,-90.3153381,"South",46740,5,3,0.055140187,4988,29.2,70.8,19,23.5,16.9,10.4,85.7,0,85.8,5.7,"Yes",0
"262",35,"MS","Mississippi","Tishomingo",34.8047029,-88.202415,"South",30857,1,1,0.096869245,6407,1,99,14,27.6,14.7,9.6,87.6,0.5,77.7,5.4,"Yes",0
"263",46,"MS","Mississippi","Tunica",34.8307787,-90.32121,"South",32899,1,1,0.091877986,5530,73.8,26.2,24.2,47.9,32,3.6,89.5,2,79.2,2.3,"Yes",0
"264",52,"MO","Missouri","Boone",38.9484698,-92.3255698,"Midwest",10931,1,1,0.028318584,2542,4.3,95.7,62.3,0,13.5,0.5,25.1,1.5,51.9,0,"Yes",0
"265",29,"MO","Missouri","Boone",38.9464501,-92.2934712,"Midwest",36649,2,2,0.034616881,5192,5.3,94.7,44.5,15.4,9.9,1.1,83.2,3.6,77.4,1,"Yes",1
"266",30,"MO","Missouri","Franklin",38.3187816,-90.7944026,"Midwest",55279,5,3,0.138111888,6933,1.8,98.2,13.1,18.6,16,11,87.9,0,87.9,4.6,"Yes",0
"267",32,"MO","Missouri","Greene",37.2242855,-93.3193785,"Midwest",26613,1,1,0.166007905,3197,4.1,95.9,25.8,24.1,31.4,5.1,82.9,1.1,88.8,3.2,"Yes",0
"268",60,"MO","Missouri","Jackson",38.9474373,-94.4866943,"Midwest",46007,3,3,0.138454667,4915,59.8,40.2,14.5,16.7,14.7,7.9,78,1,75.2,4.6,"Yes",0
"269",48,"MO","Missouri","Johnson",38.6578484,-93.5117188,"Midwest",49649,4,3,0.065677966,4873,0.1,99.9,15.8,22.9,18.9,15.3,79.2,0,68.8,10,"Yes",0
"270",24,"MO","Missouri","St. Louis",38.7234116,-90.2447968,"Midwest",27409,1,1,0.268621236,7784,93.1,6.90000000000001,31.9,52.2,24.8,4.8,73.1,10.3,85.8,2.2,"Yes",1
"271",35,"MO","Missouri","St. Louis",38.6732101,-90.2913402,"Midwest",20844,1,1,0.299757282,1864,96.7,3.3,56.1,70,35.2,1.4,70.3,16.4,82.9,0,"Yes",1
"272",20,"MO","Missouri","St. Louis city",38.6609879,-90.2338638,"Midwest",18828,1,1,0.507614213,1348,99.7,0.299999999999997,31.9,13.9,35.3,3.1,64.9,13.6,79.6,4.6,"Yes",1
"273",24,"MO","Missouri","St. Louis city",38.5800999,-90.2375297,"Midwest",33095,3,1,0.201671309,3789,44.7,55.3,46.7,69.5,39.1,9.6,65.1,17.7,89.6,3.9,"Yes",1
"274",49,"MT","Montana","Yellowstone",45.789441,-108.5132285,"West",38365,1,2,0.170554692,3391,0.1,99.9,22.7,8.8,23.7,10.8,68.2,2.5,83.8,3.3,"Yes",0
"275",29,"MT","Montana","Yellowstone",45.8630638,-108.3131864,"West",68949,5,4,0.049460432,7778,0.2,99.8,6,7.9,13,17.1,87.2,0.1,80.4,7,"Yes",0
"276",45,"NE","Nebraska","Cheyenne",41.121974,-102.982879,"Midwest",51033,1,3,0.025311025,4333,0.1,99.9,11.9,21.4,17.5,6.4,87.1,0,80.4,7.5,"Yes",0
"277",40,"NE","Nebraska","Douglas",41.2427938,-95.9331281,"Midwest",32948,2,1,0.093378608,2625,4.9,95.1,38.9,48.2,29.8,12.7,77.4,0,87.3,6.8,"Yes",0
"278",40,"NE","Nebraska","Douglas",41.2427368,-95.9904175,"Midwest",66786,4,4,0.028415961,2278,0.7,99.3,3,0.2,12.3,6.1,90.4,0,74.4,5.7,"Yes",0
"279",27,"NE","Nebraska","Douglas",41.3234673,-95.9593735,"Midwest",38359,2,2,0.095988539,4130,28.1,71.9,18.2,21.8,23.5,14.6,85.6,3,86.3,1.8,"Yes",1
"280",35,"NE","Nebraska","Lancaster",40.8747297,-96.6818701,"Midwest",40404,2,2,0.055735771,5142,10.5,89.5,19.6,24,16.3,7.4,85.6,0,84.9,1.1,"Yes",0
"281",43,"NE","Nebraska","Madison",42.0185249,-97.3862886,"Midwest",54809,4,3,0.035221496,5077,0.2,99.8,7.5,2.2,14.2,18.8,75.3,0.8,80.4,3.2,"No",1
"282",30,"NV","Nevada","Clark",36.18512,-115.116428,"West",41875,2,2,0.140275387,4473,8.1,91.9,19.9,25.5,56.7,6.4,71.3,4.7,93.1,6.4,"Yes",0
"283",55,"NV","Nevada","Clark",35.9727325,-114.8414688,"West",45979,2,3,0.116955446,3157,0,100,10.5,16,27.4,13,87.2,0.5,71.3,6.3,"Yes",0
"284",44,"NV","Nevada","Clark",36.2421112,-115.0569458,"West",35924,1,2,0.163898117,6490,25.6,74.4,24.6,31.9,29.6,10.9,81.5,1.4,60.7,7.4,"Yes",0
"285",55,"NH","New Hampshire","Rockingham",42.9080801,-71.3366499,"Northeast",61167,1,4,0.087385483,4983,0.4,99.6,5.8,6.9,16.3,13.3,84.2,0.4,86,4.4,"Yes",0
"286",25,"NJ","New Jersey","Bergen",40.9011307,-74.040863,"Northeast",51051,1,3,0.032626816,7043,20.2,79.8,9.4,11.1,21.8,7.2,69.7,16.4,86.8,4.8,"Yes",0
"287",65,"NJ","New Jersey","Bergen",40.8674316,-74.0377197,"Northeast",50625,1,3,0.100585418,3153,20.9,79.1,20.2,40.2,21.2,5.2,64,12.3,75.6,7.8,"No",0
"288",37,"NJ","New Jersey","Bergen",40.8121343,-74.1246445,"Northeast",67109,2,4,0.096800997,4791,1.3,98.7,9.2,3.3,19.9,7.2,80.6,9.1,76,7.4,"Yes",1
"289",42,"NJ","New Jersey","Bergen",40.86306,-74.0112915,"Northeast",93091,3,5,0.066434996,8716,14.4,85.6,3.5,5.4,17,4.6,56.4,26.2,82.7,7.2,"No",1
"290",35,"NJ","New Jersey","Bergen",40.86306,-74.0112915,"Northeast",93091,3,5,0.066434996,8716,14.4,85.6,3.5,5.4,17,4.6,56.4,26.2,82.7,7.2,"No",1
"291",60,"NJ","New Jersey","Camden",39.7491188,-74.929306,"Northeast",65759,3,4,0.14086629,5328,19.4,80.6,6.2,8.5,18.8,10.9,84.9,2.6,80.7,5.1,"Yes",0
"292",33,"NJ","New Jersey","Cumberland",39.4848213,-75.0345688,"Northeast",40075,2,2,0.11842919,6382,11.1,88.9,33.9,51.1,39.9,7.7,76.4,4.8,76.9,4.6,"No",1
"293",37,"NJ","New Jersey","Mercer",40.216132,-74.7106603,"Northeast",51355,2,3,0.135890272,6452,12.8,87.2,12.3,19.7,21.5,8.8,78.1,1.7,71.9,2.5,"Yes",0
"294",72,"NJ","New Jersey","Middlesex",40.4052734,-74.3010178,"Northeast",75050,2,5,0.075431034,1745,17.2,82.8,9.2,8.9,33.3,12.9,63.5,13.9,83,3.2,"Yes",0
"295",40,"NJ","New Jersey","Monmouth",40.4439697,-74.1128845,"Northeast",77813,5,5,0.097529259,5293,1.5,98.5,7.9,10.6,11.7,12.5,80.8,5.8,78.3,5.5,"Yes",0
"296",36,"NJ","New Jersey","Union",40.7107079,-74.2532176,"Northeast",62029,3,4,0.1,4739,58.8,41.2,8.4,11,19.4,5.9,77.1,12.1,83.6,0.7,"Yes",1
"297",35,"NM","New Mexico","Bernalillo",35.0946403,-106.5861697,"West",54855,4,3,0.050728277,3459,3.6,96.4,6.6,0,12.3,2.1,70.8,1.7,64.9,8.2,"Yes",0
"298",45,"NM","New Mexico","Bernalillo",35.05179,-106.6883397,"West",39651,2,2,0.076500588,5300,0.2,99.8,35.4,63.5,24.4,17.1,76.1,1.9,76.4,4.2,"Yes",0
"299",42,"NM","New Mexico","Lincoln",33.3267975,-105.6342545,"West",38893,2,2,0.061612903,7173,0,100,18.6,27.6,23,13.7,62.5,0,68,13.1,"Yes",0
"300",28,"NM","New Mexico","Lincoln",33.3575249,-105.6732559,"West",48198,5,3,0.066055046,6506,0.7,99.3,12.9,7.1,25.7,8,73.7,0,64.9,5,"Yes",0
"301",35,"NM","New Mexico","Santa Fe",35.0556297,-106.1947021,"West",49308,2,3,0.078817734,4363,0,100,10.1,11.7,15.4,11.7,82.7,0,75.8,7.4,"Yes",0
"302",40,"NY","New York","Albany",42.6610199,-73.7579497,"Northeast",20665,1,1,0.125672372,4519,75.3,24.7,37.1,47.3,38.3,3.4,56.7,25.1,73.6,3.9,"No",1
"303",41,"NY","New York","Bronx",40.8646202,-73.8924332,"Northeast",26509,2,1,0.176021554,5168,17.3,82.7,47.4,54.5,37.5,4.1,8,72.8,84.3,4.6,"No",0
"304",36,"NY","New York","Dutchess",41.517724,-73.979344,"Northeast",49318,1,3,0.151676206,5019,13.5,86.5,16.6,25.7,23.2,7.2,68.6,9.3,78.3,8.1,"Yes",0
"305",76,"NY","New York","Greene",42.262431,-73.9357393,"Northeast",52165,4,3,0.133264463,3982,2.1,97.9,11.8,19.8,18.3,20,93.7,0,68.3,8.6,"No",0
"306",25,"NY","New York","Kings",40.5887968,-73.9643034,"Northeast",63159,4,4,0.082673703,4074,0,100,12.6,15.6,11.5,10.8,38.4,45.8,77.6,3.4,"Yes",1
"307",52,"NY","New York","Kings",40.6572562,-73.8886551,"Northeast",34545,2,2,0.106880138,4948,76.6,23.4,22,24.2,37.8,4.1,13.6,70.9,75.3,1.6,"Yes",1
"308",51,"NY","New York","Monroe",43.1478502,-77.6309502,"Northeast",18833,2,1,0.259259259,1420,90.8,9.2,46.9,56.1,49.1,1.4,66.8,17.5,83.5,5.1,"No",1
"309",45,"NY","New York","Orleans",43.1940384,-78.065712,"Northeast",57747,5,4,0.09765625,4735,1,99,14.6,26.2,20,9.2,86.3,1.5,81.6,4,"Yes",0
"310",59,"NY","New York","Oswego",43.265415,-76.005973,"Northeast",49360,3,3,0.158176944,4943,0,100,10.8,19.6,17.1,16.8,83.8,0.4,83,5.7,"Yes",0
"311",31,"NY","New York","Queens",40.7098999,-73.7943573,"Northeast",25894,1,1,0.086378738,5817,16.5,83.5,31.3,37.3,30.5,5.1,16.9,61.7,74.6,13.7,"Yes",0
"312",58,"NY","New York","Rockland",41.1689186,-74.0044327,"Northeast",142500,5,5,0.045,4488,5.7,94.3,2.9,3.5,10.4,4.3,71,8.8,75.3,5,"Yes",0
"313",22,"NY","New York","Suffolk",40.7399445,-73.2372284,"Northeast",72218,1,4,0.109368376,9030,19.8,80.2,7.8,9.4,29.7,3.8,77,7.4,83.7,2.1,"Yes",1
"314",53,"NY","New York","Sullivan",41.7404167,-74.5979552,"Northeast",58859,5,4,0.059414226,3110,19.6,80.4,9.1,10.4,24.9,8.8,83.9,1.1,76.4,8.6,"No",1
"315",25,"NC","North Carolina","Bladen",34.6425728,-78.7416717,"South",25690,1,1,0.116172169,6504,21.5,78.5,35.7,43.3,16.8,15.6,77.2,0,66.5,5.2,"Yes",0
"316",41,"NC","North Carolina","Edgecombe",35.9069519,-77.5407562,"South",30588,1,1,0.195104392,3099,59.7,40.3,21.4,32,27.2,5.1,87.5,0,88.7,5.1,"Yes",1
"317",53,"NC","North Carolina","Gaston",35.205776,-81.240669,"South",38200,2,2,0.256149733,3660,7.6,92.4,26.5,45.3,18.9,9.8,77.8,0,85,3.7,"Yes",0
"318",71,"NC","North Carolina","Gaston",35.2658062,-81.2271642,"South",28696,1,1,0.19297235,3650,39.6,60.4,29.7,44,22,17,81.8,0,89.9,1.6,"Yes",1
"319",44,"NC","North Carolina","Gaston",35.2286491,-81.1696243,"South",30408,1,1,0.195510204,6135,27.8,72.2,29.3,47.8,23.3,7.1,75.7,0.8,79,5.7,"Yes",0
"320",56,"NC","North Carolina","Halifax",36.1811831,-77.6669817,"South",29256,2,1,0.251207729,5072,85.4,14.6,30.9,42.1,25.6,8.5,76,0,79.9,4.2,"No",0
"321",21,"NC","North Carolina","Mecklenburg",35.2506218,-80.8187485,"South",18457,1,1,0.422321429,2515,81,19,50,65.1,31.4,8.7,56.3,22.2,89.9,1.2,"Yes",1
"322",33,"NC","North Carolina","Sampson",35.0643602,-78.4907397,"South",33796,2,1,0.089311334,6267,34.2,65.8,26.6,28.6,15.9,15.3,85.7,0,80.2,8.1,"Yes",0
"323",59,"NC","North Carolina","Transylvania",35.2702599,-82.6380997,"South",36583,2,2,0.095274683,4988,6.8,93.2,15.9,26.9,23.2,9.6,77.3,0,80.5,5.3,"Yes",0
"324",19,"NC","North Carolina","Wake",35.9575348,-78.527153,"South",57174,2,4,0.038598999,5891,9.5,90.5,11.1,15.3,14,3.8,80.7,0,77,3.5,"Yes",0
"325",65,"OH","Ohio","Cuyahoga",41.4501534,-81.6409378,"Midwest",21378,1,1,0.448074679,1659,42.4,57.6,40.6,37.4,28.3,4,66.6,16.9,86.3,4.5,"Yes",1
"326",19,"OH","Ohio","Cuyahoga",41.5285759,-81.6090775,"Midwest",19643,1,1,0.204280156,1932,98.6,1.40000000000001,35.8,64.4,49,2.6,54.8,33.3,82.9,5.6,"Yes",1
"327",43,"OH","Ohio","Franklin",40.059024,-82.997337,"Midwest",42642,3,2,0.063731932,3144,25,75,10,8.7,21.8,7.6,82,7.1,86.2,2.8,"Yes",0
"328",34,"OH","Ohio","Franklin",39.879382,-82.9963372,"Midwest",33370,2,1,0.145665323,4603,20.8,79.2,28.9,35.4,25.9,5,87.1,4.9,89.1,2.7,"Yes",1
"329",27,"OH","Ohio","Pike",39.083271,-83.2555466,"Midwest",46007,5,3,0.177073171,4664,0,100,20.6,21.8,19.6,18.7,87.8,0.1,60.2,9.2,"Yes",0
"330",59,"OH","Ohio","Richland",40.7386665,-82.5156326,"Midwest",37992,2,2,0.037341299,2933,3.9,96.1,10.1,10.3,17.2,2.2,88.5,2.2,75.9,4.6,"Yes",0
"331",30,"OH","Ohio","Richland",40.766098,-82.5142975,"Midwest",19732,1,1,0.177252585,2028,36.9,63.1,46.3,62.5,28,2.2,74,3.7,87.5,4.1,"No",1
"332",30,"OH","Ohio","Summit",41.1485748,-81.4298782,"Midwest",68785,5,4,0.063549832,6493,1.6,98.4,2.6,1.5,19.7,3.7,89.8,1.2,80.9,3.3,"Yes",0
"333",53,"OH","Ohio","Summit",40.9656982,-81.4294357,"Midwest",63477,4,4,0.085316847,5656,5.3,94.7,14.2,29.2,15.4,8.6,96.3,0,87.7,2.6,"Yes",0
"334",30,"OK","Oklahoma","Adair",35.6848412,-94.7619019,"South",35022,4,2,0.042686101,4584,0.4,99.6,20.6,24.2,16.1,19.4,85,0.2,61.9,9.6,"Yes",0
"335",52,"OK","Oklahoma","Choctaw",34.1277084,-95.156517,"South",32661,4,1,0.159594096,2731,1,99,22.1,29.8,23.2,17.1,88.7,1,72.4,6,"Yes",0
"336",75,"OK","Oklahoma","Cleveland",35.3752202,-97.1720599,"South",56875,3,4,0.066806576,5349,0,100,7.2,10.8,19.1,19.6,87.4,0,77.6,5.4,"Yes",0
"337",35,"OK","Oklahoma","Coal",34.476518,-96.4245157,"South",40000,2,2,0.05624297,1902,0,100,18.3,20.1,13,19.9,75.8,0,57.9,14.5,"Yes",0
"338",55,"OK","Oklahoma","Creek",35.9593201,-96.2797198,"South",45615,3,3,0.098895582,3711,0.3,99.7,12.2,17.2,10.4,16.3,81.3,0,77,7.9,"Yes",0
"339",27,"OK","Oklahoma","Grady",35.0401063,-97.9480673,"South",32034,1,1,0.011335013,3751,0.8,99.2,22.6,30,20.4,13.8,82.3,0,83.5,5,"Yes",0
"340",19,"OK","Oklahoma","Logan",35.8801193,-97.4228592,"South",41901,2,2,0.105769231,2917,13.4,86.6,28.8,42.3,28.7,7.2,63.3,1,76.8,7.5,"Yes",0
"341",34,"OK","Oklahoma","Muskogee",35.7550087,-95.4025574,"South",28836,2,1,0.11886697,4501,23.7,76.3,35.3,53.2,33.1,6.4,72.8,0,74.5,5.8,"No",0
"342",22,"OK","Oklahoma","Muskogee",35.766201,-95.3946991,"South",17025,1,1,0.094752187,1736,42,58,55.6,82.1,38.5,9.7,84.3,1.2,74.9,4,"Yes",1
"343",38,"OK","Oklahoma","Oklahoma",35.4976883,-97.5500717,"South",29338,2,1,0.04467354,5971,10.2,89.8,26.2,36.7,24.5,8.3,78.7,0.4,82.1,4.8,"Yes",1
"344",41,"OK","Oklahoma","Oklahoma",35.4262543,-97.5826111,"South",32860,2,1,0.142746615,5941,1,99,35,54,17.3,30.9,64.1,0,90.8,5,"Yes",0
"345",27,"OK","Oklahoma","Oklahoma",35.4030647,-97.5325623,"South",25357,1,1,0.12745682,3646,0,100,24.3,31.3,33.3,22.9,68,0,88.2,6.3,"Yes",1
"346",48,"OK","Oklahoma","Oklahoma",35.4057617,-97.524292,"South",32886,2,1,0.203271028,1783,5.1,94.9,29.8,43.6,16.1,22.6,81,0,87.4,7.5,"No",1
"347",25,"OK","Oklahoma","Oklahoma",35.6332283,-97.4577179,"South",104388,5,5,0.049786629,5714,0.7,99.3,2.5,4.4,10.5,3,86.6,0,74.6,10.3,"Yes",0
"348",36,"OK","Oklahoma","Okmulgee",35.84183,-95.8906098,"South",44573,2,2,0.08040201,6803,2.6,97.4,13.5,20,13.4,16.1,80.4,0,77.7,6.1,"Yes",0
"349",42,"OK","Oklahoma","Osage",36.2059747,-96.0020301,"South",47350,4,3,0.068774265,3814,6.2,93.8,12.9,16.6,11.7,18.8,86.9,0,82,6.3,"No",1
"350",64,"OK","Oklahoma","Ottawa",36.8973899,-94.8865503,"South",34336,2,1,0.086882453,2704,0.6,99.4,19.9,31.6,24.2,9.7,85.7,0,72.9,4.7,"Yes",0
"351",43,"OK","Oklahoma","Payne",36.1211052,-97.0501251,"South",32054,3,1,0.066425993,4979,9.1,90.9,38.2,54.8,21.6,5.5,72.3,0.8,66.5,8.5,"Yes",0
"352",33,"OK","Oklahoma","Pottawatomie",35.33308,-97.0646703,"South",60759,5,4,0.053372149,4520,0.4,99.6,9.6,12.3,11.2,16.9,82.9,0,56.2,6.2,"Yes",0
"353",45,"OK","Oklahoma","Tulsa",36.1497383,-95.9933319,"South",34432,2,2,0.080686695,3358,17.1,82.9,30.5,16.1,11,4.7,70.9,3.1,79.2,5.6,"Yes",1
"354",24,"OK","Oklahoma","Tulsa",36.1459389,-95.9928436,"South",34432,2,2,0.080686695,3358,17.1,82.9,30.5,16.1,11,4.7,70.9,3.1,79.2,5.6,"Yes",1
"355",44,"OK","Oklahoma","Tulsa",36.0787522,-95.9580338,"South",31169,1,1,0.119248218,2627,20.1,79.9,18.3,34,19.3,6.6,89.5,2.3,88,3,"No",0
"356",35,"OR","Oregon","Clackamas",45.1577606,-122.4377594,"West",58358,2,4,0.110323438,5103,0.5,99.5,5.8,1.2,15.8,15.1,77.8,0.8,80.5,7.8,"Yes",0
"357",41,"OR","Oregon","Jackson",42.311009,-122.8316269,"West",40781,2,2,0.187595323,5415,0,100,20.6,51.7,23.6,3.4,71.9,0,77.6,12.1,"Yes",0
"358",50,"OR","Oregon","Jackson",42.3301735,-122.898735,"West",43625,3,2,0.131158917,5951,2.9,97.1,22.4,29,21,15.1,78.3,2.3,81.2,9.9,"Yes",0
"359",56,"OR","Oregon","Josephine",42.3600731,-123.4464111,"West",48077,2,3,0.138248848,2493,0,100,20.7,32.2,15.4,17.7,82.9,0,76,16.5,"Yes",0
"360",50,"OR","Oregon","Lane",44.0894276,-123.1812222,"West",47795,3,3,0.150479846,5069,5.5,94.5,17.2,24.9,18.2,11.2,72,1.6,79.2,9.4,"Yes",0
"361",50,"OR","Oregon","Marion",44.913921,-122.996177,"West",31863,1,1,0.238070806,4377,0.3,99.7,36.4,46.4,21.6,13.1,70.9,1.1,71.4,6.5,"Yes",0
"362",37,"OR","Oregon","Multnomah",45.5057439,-122.5299,"West",35978,1,2,0.138262782,7948,4.8,95.2,23.6,35.6,31.2,5.9,61,20,80.7,8.5,"Yes",0
"363",48,"OR","Oregon","Washington",45.4866905,-122.8912506,"West",56020,2,3,0.135547919,5060,0.7,99.3,16.1,20.4,22.7,7.6,81.8,7,83,6,"Yes",0
"364",32,"PA","Pennsylvania","Adams",39.8576944,-77.1596814,"Northeast",60940,3,4,0.030340815,4937,0.9,99.1,10.7,20,17.7,9.4,89.1,0.8,83.1,5.4,"Yes",0
"365",48,"PA","Pennsylvania","Allegheny",40.413045,-79.991463,"Northeast",32625,2,1,0.102179837,4255,56.6,43.4,40.9,56.1,37.6,5.8,47.6,28.5,82.6,5.3,"Yes",1
"366",36,"PA","Pennsylvania","Berks",40.3287582,-75.9080353,"Northeast",29707,1,1,0.139742873,4028,8.1,91.9,39.9,57.1,23.4,6.8,61.8,6.2,88.8,0.4,"Yes",0
"367",30,"PA","Pennsylvania","Lancaster",40.0434474,-76.2999885,"Northeast",42027,1,2,0.206855081,2868,17,83,15.3,21.4,27.5,8.1,71.1,2,93.1,2.5,"Yes",1
"368",43,"PA","Pennsylvania","Lehigh",40.632019,-75.4338379,"Northeast",46027,2,3,0.072277228,3357,7.7,92.3,16.6,35.3,18.5,7.1,76.2,6,91.6,1.8,"Yes",0
"369",41,"PA","Pennsylvania","Somerset",40.035759,-79.0743942,"Northeast",42346,2,2,0.110402355,6549,19.2,80.8,9.9,8.6,15.6,12.3,86.7,0,75.6,10.1,"Yes",0
"370",60,"PA","Pennsylvania","York",39.7720299,-76.9661789,"Northeast",65581,4,4,0.034010601,4771,0.4,99.6,6.9,13.7,14.9,6.9,83.9,0.5,85.4,5.7,"Yes",0
"371",33,"SC","South Carolina","Charleston",32.7795741,-79.9380436,"South",63750,4,4,0.044805195,2784,11,89,14.4,21.3,15.7,1.3,66.7,0,76.9,11.6,"Yes",1
"372",51,"SC","South Carolina","Charleston",32.8991127,-80.0138016,"South",19988,1,1,0.215909091,3833,63.8,36.2,36.9,54.8,28.8,18.9,71.4,11.7,83.8,8.2,"Yes",1
"373",44,"SC","South Carolina","Charleston",32.8577843,-80.0776596,"South",80891,5,5,0.092042385,8386,9.2,90.8,4.8,4,19.6,3.9,86,0,71.2,6.4,"Yes",0
"374",28,"SC","South Carolina","Florence",33.8190804,-79.4618912,"South",32639,2,1,0.151768733,6172,28.3,71.7,23,31.8,13,7.6,84.5,0,83.1,5.3,"Yes",1
"375",25,"SC","South Carolina","Greenville",34.6285944,-82.3912225,"South",42159,3,2,0.095290859,5572,23.8,76.2,10,9.5,15.1,6.9,90.8,0,91,3.4,"Yes",0
"376",61,"SC","South Carolina","Lancaster",34.7966959,-80.7973288,"South",41675,1,2,0.148903424,5674,29.7,70.3,17.4,15.7,13.1,11.5,92.2,0,85.3,4.7,"Yes",0
"377",60,"SC","South Carolina","Lexington",34.0728226,-81.1996384,"South",82104,5,5,0.100581395,3262,15.4,84.6,6.1,11.9,11.2,4.8,85.8,0,60.6,12.5,"Yes",0
"378",29,"SC","South Carolina","Spartanburg",35.022747,-82.0061417,"South",54784,5,3,0.077569308,7005,19.7,80.3,9,6.5,16.7,7.7,91.4,0,88.5,2.4,"Yes",0
"379",42,"SC","South Carolina","Spartanburg",34.9038367,-81.9115352,"South",35453,2,2,0.131529264,3626,25.3,74.7,22.4,43.7,9.6,8.2,94,0,85.5,2.9,"Yes",1
"380",28,"TN","Tennessee","Carroll",35.9514389,-88.5734558,"South",32522,2,1,0.140121439,4643,10.3,89.7,16.9,32.7,19.1,11.2,91,0.8,81.2,6.8,"Yes",0
"381",40,"TN","Tennessee","Davidson",36.1259117,-86.7090149,"South",25500,1,1,0.088225858,5694,22.1,77.9,24.5,38.1,26.6,15,71.5,6.4,85,8,"Yes",0
"382",54,"TN","Tennessee","Davidson",36.0540047,-86.7787399,"South",135625,5,5,0.021902017,3293,0,100,0.7,0,4,2.3,83.7,0,79.5,14.6,"Yes",0
"383",32,"TN","Tennessee","Shelby",35.1571117,-90.0000664,"South",40721,3,2,0.139391056,3888,58.1,41.9,10.2,8.8,22.1,8.5,82,3.2,64.4,8.9,"Yes",0
"384",37,"TN","Tennessee","Shelby",35.1648337,-89.9334182,"South",32162,3,1,0.112596554,7759,15.6,84.4,49,76,27.7,39.2,59.3,4.3,85,10.1,"Yes",1
"385",49,"TN","Tennessee","Shelby",35.0246391,-90.0544891,"South",37109,3,2,0.218520333,3911,97.9,2.09999999999999,26.9,52.9,26,2.2,83.2,0.9,78.1,3.3,"Yes",1
"386",48,"TX","Texas","Anderson",31.774197,-95.6519569,"South",31815,3,1,0.097790055,4587,21,79,32.6,47.7,31.9,13,90.3,1.1,67.3,15.4,"Yes",0
"387",44,"TX","Texas","Atascosa",28.91159,-98.5429517,"South",48735,4,3,0.064629434,5911,0,100,10.1,10.6,23,19.7,81,0,80.1,5.9,"Yes",0
"388",61,"TX","Texas","Bexar",29.4894164,-98.4276711,"South",35099,2,2,0.09619801,8841,13.1,86.9,13.1,10.5,29.1,9.9,74.3,6,85.5,6.4,"Yes",0
"389",34,"TX","Texas","Bexar",29.5922401,-98.4028975,"South",71272,4,4,0.047184774,4801,10.4,89.6,8.7,12.7,21.2,6.9,88.1,0.5,80.3,4.1,"No",1
"390",30,"TX","Texas","Bexar",29.5134506,-98.53582,"South",45208,3,3,0.074115665,4285,4.1,95.9,24.8,32,15.4,6.8,77.2,0.8,79.8,2.6,"Yes",0
"391",67,"TX","Texas","Brazoria",29.0344224,-95.4281493,"South",54329,2,3,0.051835853,6095,9.1,90.9,8.6,10.1,11.9,25.1,80,0,83.3,4.4,"Yes",0
"392",33,"TX","Texas","Brazoria",28.9552215,-95.3685641,"South",48635,2,3,0.12814412,6327,5.7,94.3,15.3,16.5,12,24.3,82.1,2.3,91.4,0.8,"Yes",1
"393",45,"TX","Texas","Brazos",30.6653042,-96.4014816,"South",30391,2,1,0.140832976,4783,16.1,83.9,32.1,44.5,25.4,25.3,58.6,1.2,73.5,16.7,"Yes",0
"394",31,"TX","Texas","Dallas",32.9599406,-96.6389561,"South",49973,3,3,0.092148913,5250,16.2,83.8,10,14.4,24,7.1,76.4,3,79,7.7,"Yes",1
"395",35,"TX","Texas","Dallas",32.9599406,-96.6389561,"South",49973,3,3,0.092148913,5250,16.2,83.8,10,14.4,24,7.1,76.4,3,79,7.7,"Yes",0
"396",46,"TX","Texas","Dallas",32.6565955,-96.7502993,"South",23931,1,1,0.172051696,3996,81.5,18.5,28.7,58.9,29.9,16.7,83.3,5,81.7,3.8,"Yes",1
"397",23,"TX","Texas","El Paso",31.9034023,-106.4228592,"South",31963,3,1,0.131071191,4341,6.7,93.3,29.4,41.5,23.6,9.4,76.3,2.7,74.7,2.2,"Yes",0
"398",34,"TX","Texas","El Paso",31.8576378,-106.4396178,"South",17388,1,1,0.14461316,4082,3.9,96.1,59.7,74.1,33.9,20.2,70.3,13.2,81.8,6.5,"Yes",0
"399",23,"TX","Texas","El Paso",31.7398815,-106.3106995,"South",58026,5,4,0.05323741,5893,4.1,95.9,22,40.5,12.1,9.7,91,1.1,77,7.6,"Yes",0
"400",27,"TX","Texas","Fort Bend",29.5576077,-95.7844925,"South",53831,2,3,0.068076536,10534,12.9,87.1,17.2,30.4,15.6,21.8,79.1,0,82.2,4.5,"Yes",0
"401",18,"TX","Texas","Gregg",32.49541,-94.746094,"South",26458,1,1,0.13706706,4087,36.8,63.2,36.6,49.6,25.3,12.8,82.7,2.5,90.3,0,"Yes",0
"402",42,"TX","Texas","Harris",29.806377,-95.1731886,"South",81172,5,5,0.081424936,4209,21.3,78.7,15.6,21.3,14.9,14,85.4,1,84.1,5.4,"Yes",1
"403",25,"TX","Texas","Harris",29.9494667,-95.4163284,"South",24072,1,1,0.062886598,4456,30.3,69.7,40.3,56.9,24.9,22.2,68.2,13.9,85.7,5.7,"Yes",0
"404",77,"TX","Texas","Harris",29.9832049,-95.4038566,"South",53572,3,3,0.073771857,12893,29.8,70.2,17.2,24.9,25.4,14.9,84.1,1.1,81.1,6.4,"Yes",0
"405",22,"TX","Texas","Harris",29.7330154,-94.9706357,"South",30804,1,1,0.109816972,3049,13.5,86.5,35.1,43.6,22.5,29.9,67.5,2.4,89.9,5.7,"Yes",0
"406",27,"TX","Texas","Harris",29.6131928,-95.2134526,"South",53244,3,3,0.094994312,2473,23.4,76.6,6.8,6.3,22.9,4.9,88.2,3.5,87.3,1.8,"Yes",0
"407",36,"TX","Texas","Harris",29.704109,-95.621871,"South",41786,2,2,0.104712042,7970,39.2,60.8,36.2,59.2,33.4,14.5,72.9,1,75.7,10.6,"Yes",0
"408",32,"TX","Texas","Harris",29.865415,-95.524052,"South",41265,2,2,0.023561091,6325,29.7,70.3,16.3,19.5,12.8,9.8,87.5,1.4,90,2.4,"Yes",0
"409",25,"TX","Texas","Hidalgo",26.2153301,-98.3257904,"South",32071,3,1,0.118733509,5489,0.7,99.3,24.9,27,18.3,15.5,82.6,0,79.5,8.1,"Yes",0
"410",57,"TX","Texas","Hockley",33.5913373,-102.3692241,"South",31952,1,1,0.087265136,5139,5.1,94.9,24.1,24.2,25.5,18.3,72,0,90.6,1.2,"Yes",0
"411",35,"TX","Texas","Hopkins",33.1287286,-95.5938203,"South",42282,2,2,0.197698745,4114,25.5,74.5,27.9,46.5,23.9,7.4,82.6,0,73.2,10.3,"No",0
"412",26,"TX","Texas","Hudspeth",31.172832,-105.357927,"South",22545,1,1,0.081601232,3330,1.1,98.9,40.3,63.8,30.4,17.7,69.9,0,57.6,9.3,"Yes",1
"413",25,"TX","Texas","Lynn",33.1661153,-101.6661762,"South",36912,1,2,0.043478261,1341,0,100,21.4,31,13.5,25.9,73.8,0.5,62.5,16.8,"Yes",0
"414",52,"TX","Texas","McLennan",31.593082,-97.108858,"South",33320,2,1,0.140606992,6130,13.3,86.7,37.4,57.2,17.8,18.7,80.8,0,83.9,3.6,"Yes",1
"415",42,"TX","Texas","Montague",33.78727,-97.7127638,"South",45500,2,3,0.075596817,1947,1.2,98.8,8.3,9.1,12.5,20.9,85.4,0,68.5,14,"Yes",0
"416",21,"TX","Texas","Polk",30.706146,-94.930023,"South",39113,3,2,0.133622126,6061,0.8,99.2,18.3,24.1,24.8,14.9,82.2,0.8,66.1,6.2,"Yes",0
"417",37,"TX","Texas","Starr",26.5522499,-99.1332092,"South",26346,3,1,0.063807531,2292,0,100,45.9,56.7,33.4,16.6,83.5,0,53.8,6.1,"Yes",0
"418",26,"TX","Texas","Tarrant",32.810365,-97.342555,"South",32245,1,1,0.144497608,5375,0.2,99.8,23.1,34.4,18.8,28.8,70.9,0.5,84.7,6.6,"Yes",0
"419",32,"TX","Texas","Tarrant",32.7670361,-97.3038536,"South",33750,1,1,0.08373079,4454,1.5,98.5,29,36.9,21.7,22.4,86.1,0.8,89.7,5,"Yes",1
"420",41,"TX","Texas","Tarrant",32.6786003,-97.3807373,"South",102938,5,5,0.027574564,4292,2.6,97.4,14.8,19.8,7.5,1.6,89.6,0,84.9,9.5,"Yes",0
"421",31,"TX","Texas","Tarrant",32.6606293,-97.3954849,"South",63646,4,4,0.039571006,5941,13.2,86.8,6.9,5.8,15,7.1,86.8,0,84.7,7.3,"Yes",1
"422",32,"TX","Texas","Tarrant",32.8722464,-97.0993902,"South",79821,5,5,0.06846473,6257,11.7,88.3,4.8,7.5,9.3,4.5,87.4,0,82.1,4,"Yes",0
"423",43,"TX","Texas","Tarrant",32.7282829,-97.1045675,"South",25625,1,1,0.106456044,5729,12.4,87.6,36.5,41.7,15,5.9,72.4,0,84.1,3.2,"No",1
"424",28,"TX","Texas","Travis",30.2470483,-97.8883914,"South",84743,5,5,0.069404151,9205,1.7,98.3,9.6,14.6,6.1,6.7,78.9,0,81.5,8.6,"Yes",0
"425",62,"TX","Texas","Travis",30.1676178,-97.7891617,"South",59435,3,4,0.081466763,9346,6,94,7.6,9,17.9,5.4,81.7,0.7,76.4,3.9,"Yes",0
"426",51,"TX","Texas","Val Verde",29.3685202,-100.8305995,"South",42026,4,2,0.053399923,8185,1.9,98.1,20.6,32.6,22,11.1,68.9,0,72.8,5.2,"Yes",0
"427",77,"TX","Texas","Van Zandt",32.4071388,-96.0738907,"South",50280,5,3,0.058573298,6916,2.1,97.9,16.8,32.6,21.5,13,87.8,0,69.4,8.9,"Yes",0
"428",77,"TX","Texas","Van Zandt",32.4071388,-96.0738907,"South",50280,5,3,0.058573298,6916,2.1,97.9,16.8,32.6,21.5,13,87.8,0,69.4,8.9,"Yes",0
"429",77,"NY","Texas","Van Zandt",32.4071388,-96.0738907,"South",50280,5,3,0.058573298,6916,2.1,97.9,16.8,32.6,21.5,13,87.8,0,69.4,8.9,"Yes",0
"430",26,"TX","Texas","Victoria",28.8776989,-97.0015351,"South",59961,5,4,0.047407913,6920,1,99,6.6,6.2,15.1,12.6,77.6,0,81.9,6.1,"Yes",0
"431",52,"TX","Texas","Webb",27.554155,-99.478091,"South",42782,4,2,0.057938719,3968,0.4,99.6,23.3,31.5,25.6,6,78.8,1.3,75.8,4.1,"Yes",0
"432",36,"TX","Texas","Wichita",34.044584,-98.931198,"South",62817,5,4,0.034519957,3494,0,100,5.1,3.7,11.6,15.6,80.4,1.3,70.7,14.5,"No",0
"433",50,"UT","Utah","Davis",41.0832634,-112.0831375,"West",81064,4,5,0.046353872,12611,1.6,98.4,1.7,1.8,10.7,6.9,78.5,0.7,72.1,2.2,"Yes",0
"434",37,"UT","Utah","Duchesne",40.3023154,-109.9969961,"West",60957,4,4,0.03559965,8270,0.2,99.8,11.6,14.7,15.1,20.4,83.7,0.3,78.7,3.1,"Yes",0
"435",43,"UT","Utah","Salt Lake",40.7716665,-111.8714082,"West",44638,2,2,0.03653323,4123,0.2,99.8,13.5,8.3,13.8,1,65.8,4.1,66.2,6.3,"Yes",0
"436",35,"UT","Utah","Salt Lake",40.5398552,-111.8872467,"West",68125,4,4,0.018841912,5025,1.6,98.4,7.2,7.8,7.3,5.7,82.1,1.1,85,3.8,"Yes",0
"437",25,"UT","Utah","Utah",40.2463989,-111.6674271,"West",41866,1,2,0.071107364,6933,0.2,99.8,20.2,21,23,11.8,66.3,0.4,94.1,2.3,"Yes",0
"438",55,"VA","Virginia","Arlington",38.8731527,-77.1050099,"South",38125,1,2,0.011916111,3979,17,83,18.5,9.7,14.2,0,51.5,30.6,69,5,"Yes",0
"439",31,"VA","Virginia","Culpeper",38.4843175,-77.9793973,"South",46382,1,3,0.0509487,6223,25.4,74.6,15.2,18.4,16.5,10.5,78.2,2.4,80.7,4,"No",1
"440",38,"VA","Virginia","Fairfax",38.84399,-77.311132,"South",138750,4,5,0.016203704,7774,19.9,80.1,4.6,0.7,24.5,0.3,55.3,9.3,70.9,3.6,"No",1
"441",39,"VA","Virginia","Frederick",39.1907845,-78.128479,"South",47714,1,3,0.103721571,6669,6.2,93.8,12.7,10.2,13.6,16.9,75.1,0.6,81.6,5.5,"Yes",0
"442",54,"VA","Virginia","Greensville",36.6105907,-77.5013888,"South",40214,2,2,0.105973025,3966,58.4,41.6,22.8,36.7,28.3,5.6,83.5,2.6,78.5,3.5,"Yes",1
"443",47,"VA","Virginia","Pulaski",37.0585149,-80.7449909,"South",31898,1,1,0.083866837,3769,3.4,96.6,20.7,32,20.2,5,86.6,0,79.6,1.6,"Yes",0
"444",35,"VA","Virginia","Chesapeake city",36.781304,-76.347865,"South",50664,2,3,0.09905795,7838,62.9,37.1,18.2,23.6,27.2,8.8,88.5,0.5,66.5,2.8,"Yes",1
"445",19,"VA","Virginia","Portsmouth city",36.8290138,-76.3414383,"South",27418,1,1,0.152046784,1948,56.7,43.3,27.2,30.6,29.3,16.1,79.2,3.9,65.4,8.4,"Yes",1
"446",30,"VA","Virginia","Portsmouth city",36.8185692,-76.3703384,"South",51480,3,3,0.028934368,5328,8.8,91.2,9.1,8.5,18.3,17.5,87.9,0.1,67.2,6.5,"Yes",1
"447",37,"WA","Washington","Benton",46.2013702,-119.1680069,"West",42759,1,2,0.0830373,4588,0.3,99.7,26.9,36.3,14.9,12.2,85.9,2.6,82.5,3.4,"Yes",0
"448",33,"WA","Washington","Clark",45.6310601,-122.678255,"West",28281,1,1,0.133171913,2250,3.5,96.5,25.6,27.9,22.4,4.1,53.8,13.2,77.7,10.7,"No",0
"449",36,"WA","Washington","Franklin",46.2285118,-119.1019287,"West",28537,1,1,0.131743119,6459,2.1,97.9,33.1,44.8,14.8,30,71.2,1.7,84.1,5.7,"Yes",0
"450",55,"WA","Washington","Franklin",46.2375755,-119.0959167,"West",28537,1,1,0.131743119,6459,2.1,97.9,33.1,44.8,14.8,30,71.2,1.7,84.1,5.7,"No",0
"451",54,"WA","Washington","Mason",47.2465324,-123.1194992,"West",39495,1,2,0.064193168,4324,2.1,97.9,13.5,22.7,27.1,19.9,75.3,0.5,73.3,10.1,"Yes",0
"452",29,"WA","Washington","Okanogan",48.7085419,-119.4368286,"West",35608,1,2,0.133650291,3750,0.3,99.7,22.6,26.5,18.8,17.5,69.8,0.9,63.4,11.3,"No",0
"453",48,"WA","Washington","Pierce",47.2285385,-122.4888763,"West",36642,1,2,0.12909699,3166,21.2,78.8,19,17.2,23.3,10.1,74.3,6.4,82,1.2,"Yes",0
"454",38,"WA","Washington","Pierce",47.1592102,-122.4849472,"West",38688,1,2,0.131736527,3568,12.8,87.2,15.5,18.4,21.2,8.8,82.7,3.6,66.6,2.5,"Yes",0
"455",63,"WA","Washington","Snohomish",47.8377751,-122.0135761,"West",41000,1,2,0.11381323,6045,7.6,92.4,29,30.8,29,16.3,73.4,3.6,83.3,6.2,"Yes",0
"456",38,"WA","Washington","Spokane",47.7065501,-117.4032799,"West",32143,1,1,0.099949006,4508,4.3,95.7,23.9,29.5,27.5,10.8,80.5,7.1,93,1.8,"No",1
"457",21,"WA","Washington","Whatcom",49.0000114,-122.2853775,"West",55432,3,3,0.12704918,8947,0.1,99.9,11.7,14.2,19.1,28.4,75.7,0.8,81.6,6.2,"Yes",0
"458",54,"WV","West Virginia","Brooke",40.3233614,-80.5951533,"South",37026,1,2,0.13483871,3430,1.5,98.5,19.3,27.2,30.2,11.1,86.3,2.7,82.2,3.6,"Yes",0
"459",43,"WV","West Virginia","Mineral",39.481971,-78.812003,"South",40541,5,2,0.093187661,3564,0.2,99.8,12.6,16,16.1,14.5,89.7,0.3,84.5,2.6,"Yes",0
"460",31,"WI","Wisconsin","Brown",44.5266283,-88.0578916,"Midwest",33835,1,1,0.08816521,4591,9.9,90.1,17.2,18,20.1,2.8,86.1,1.5,91.7,1.3,"Yes",0
"461",20,"WI","Wisconsin","Dane",43.0824051,-89.3650055,"Midwest",53089,2,3,0.055254849,6499,3,97,14.8,12.1,13.2,2.7,48.3,15.5,62.4,5.1,"Yes",1
"462",38,"WI","Wisconsin","Fond du Lac",43.7826881,-88.4753418,"Midwest",34339,1,1,0.109457093,5845,2.1,97.9,23,31.1,18.7,9.6,81.4,0,93.8,2,"Yes",0
"463",27,"WI","Wisconsin","Kenosha",42.5835597,-87.8357101,"Midwest",45365,2,3,0.166293142,4092,10.5,89.5,21.3,33.1,15,11.9,82.2,1.9,90.6,2.2,"Yes",0
"464",46,"WI","Wisconsin","Milwaukee",42.9687729,-87.9034882,"Midwest",63444,5,4,0.065342729,2641,1,99,10.6,12.5,20,12.4,83.5,2.9,79.2,3,"Yes",1
"465",40,"WY","Wyoming","Campbell",44.3019303,-105.4499397,"West",76732,3,5,0.04654387,8481,1.8,98.2,6.2,10.4,15.9,20.3,83.8,2.3,82.5,5.6,"Yes",0
